match_key,league,season_id,round_number,expected_start,home_team,away_team,home_score,away_score,odds_1,odds_X,odds_2,odds_dc_1x,odds_dc_x2,odds_dc_12,odds_over_2_5,odds_under_2_5,odds_btts_yes,odds_btts_no,over_2_5,btts,home_win,draw,away_win,first_goal_team,last_goal_minute,goal_timeline,had_odds
f9ed72083ece5b7c,english-league,164876,1,2026-09-09T05:38:29Z,London Blues,A. Villa,1,1,1.7,3.86,4.73,1.16,2.09,1.23,1.68,2.15,1.71,2.1,Non,Oui,Non,Oui,Non,Away,80,"[62, 80]",True
12baf80399c4ac21,english-league,164876,1,2026-09-09T05:38:29Z,Manchester Red,Brighton,4,1,1.87,4.03,3.6,1.25,1.87,1.21,1.45,2.71,1.47,2.63,Oui,Oui,Oui,Non,Non,Home,78,"[32, 42, 53, 62, 78]",True
2abab555f6505b78,english-league,164876,1,2026-09-09T05:38:29Z,Spurs,Brentford,3,1,2.03,3.96,3.18,1.32,1.73,1.22,1.44,2.74,1.44,2.72,Oui,Oui,Oui,Non,Non,Home,75,"[23, 27, 41, 75]",True
4f64a0031294ca1d,english-league,164876,1,2026-09-09T05:38:29Z,London Reds,West Ham,3,0,1.26,6.13,9.44,1.03,3.65,1.09,1.32,3.28,1.78,2.01,Oui,Non,Oui,Non,Non,Home,68,"[62, 64, 68]",True
88a86c7915e9c9c5,english-league,164876,1,2026-09-09T05:38:29Z,C. Palace,Wolverhampton,3,2,1.66,4.05,4.78,1.15,2.15,1.21,1.58,2.35,1.64,2.21,Oui,Oui,Oui,Non,Non,Home,90,"[26, 30, 32, 64, 90]",True
4e745ed61c41665f,english-league,164876,1,2026-09-09T05:38:29Z,Fulham,Liverpool,1,1,3.09,4.01,2.05,1.71,1.33,1.21,1.41,2.85,1.42,2.81,Non,Oui,Non,Oui,Non,Away,88,"[58, 88]",True
a18bbdf936cc8c79,english-league,164876,1,2026-09-09T05:38:29Z,Sunderland,N. Forest,1,0,4.31,3.77,1.78,1.97,1.19,1.24,1.68,2.14,1.68,2.15,Non,Non,Oui,Non,Non,Home,59,[59],True
ab8b4ffc1869c676,english-league,164876,1,2026-09-09T05:38:29Z,Leeds,Manchester Blue,0,4,14.76,6.69,1.19,4.52,0.99,1.08,1.43,2.76,2.26,1.62,Oui,Non,Non,Non,Oui,Away,61,"[29, 33, 46, 61]",True
8cfdb4725561b44c,english-league,164876,1,2026-09-09T05:38:29Z,Bournemouth,Everton,1,2,2.04,3.08,4.07,1.21,1.72,1.34,2.34,1.58,2.05,1.75,Oui,Oui,Non,Non,Oui,Away,81,"[57, 72, 81]",True
9f05707d01efe555,english-league,164876,1,2026-09-09T05:38:29Z,Newcastle,Burnley,4,2,1.22,6.86,10.79,1.01,4.12,1.07,1.28,3.61,1.83,1.95,Oui,Oui,Oui,Non,Non,Home,86,"[12, 31, 36, 75, 77, 86]",True
2c416d43d5465205,english-league,164876,2,2026-09-09T05:40:29Z,Brighton,Spurs,0,3,1.92,4.23,3.29,1.3,1.82,1.19,1.34,3.21,1.38,2.97,Oui,Non,Non,Non,Oui,Away,80,"[64, 72, 80]",True
a9c0652e97531edd,english-league,164876,2,2026-09-09T05:40:29Z,Everton,C. Palace,0,0,2.4,3.02,3.2,1.31,1.53,1.35,2.28,1.61,1.95,1.83,Non,Non,Non,Oui,Non,,,[],True
f579697f3483a2d3,english-league,164876,2,2026-09-09T05:40:29Z,A. Villa,Sunderland,2,2,1.36,5.35,7.23,1.06,3.02,1.12,1.36,3.1,1.66,2.18,Oui,Oui,Non,Oui,Non,Home,46,"[24, 25, 26, 46]",True
de6296378f7a5bae,english-league,164876,2,2026-09-09T05:40:29Z,N. Forest,Newcastle,0,0,2.51,3.61,2.6,1.45,1.48,1.25,1.61,2.29,1.53,2.46,Non,Non,Non,Oui,Non,,,[],True
10b752a2ce96c02a,english-league,164876,2,2026-09-09T05:40:29Z,West Ham,Manchester Red,1,2,2.3,3.55,2.91,1.37,1.57,1.26,1.67,2.16,1.58,2.34,Oui,Oui,Non,Non,Oui,Away,59,"[55, 58, 59]",True
8f18ed1678c90a98,english-league,164876,2,2026-09-09T05:40:29Z,Liverpool,London Blues,1,1,1.34,5.34,8.02,1.05,3.15,1.12,1.41,2.86,1.76,2.03,Non,Oui,Non,Oui,Non,Home,68,"[60, 68]",True
00303111c6b6ebd6,english-league,164876,2,2026-09-09T05:40:29Z,Burnley,Wolverhampton,0,2,2.55,3.36,2.7,1.42,1.47,1.29,1.82,1.96,1.66,2.18,Non,Non,Non,Non,Oui,Away,55,"[15, 55]",True
02b0886ca4bce6d4,english-league,164876,2,2026-09-09T05:40:29Z,London Reds,Fulham,2,1,1.42,4.93,6.6,1.08,2.77,1.14,1.42,2.82,1.67,2.17,Oui,Oui,Oui,Non,Non,Home,76,"[36, 66, 76]",True
52ca4f0e962c618b,english-league,164876,2,2026-09-09T05:40:29Z,Manchester Blue,Bournemouth,4,2,1.22,7.1,10.01,1.02,4.08,1.07,1.22,4.11,1.73,2.07,Oui,Oui,Oui,Non,Non,Away,76,"[28, 29, 36, 68, 71, 76]",True
0a826611ad95b2c2,english-league,164876,2,2026-09-09T05:40:29Z,Brentford,Leeds,1,1,1.35,5.16,7.93,1.05,3.07,1.13,1.45,2.7,1.79,1.99,Non,Oui,Non,Oui,Non,Home,76,"[69, 76]",True
6938b865312145cf,english-league,164876,5,2026-09-09T05:46:29Z,Everton,Brighton,2,3,2.67,3.55,2.47,1.5,1.43,1.26,1.66,2.19,1.56,2.38,Oui,Oui,Non,Non,Oui,Away,89,"[7, 45, 63, 66, 89]",True
200529cddf9d8646,english-league,164876,5,2026-09-09T05:46:29Z,Spurs,London Blues,2,1,1.84,4.28,3.53,1.26,1.9,1.19,1.34,3.2,1.4,2.91,Oui,Oui,Oui,Non,Non,Away,90,"[56, 65, 90]",True
1f0adbe7549076c2,english-league,164876,5,2026-09-09T05:46:29Z,Burnley,A. Villa,1,1,3.14,3.29,2.28,1.58,1.32,1.3,1.93,1.85,1.74,2.06,Non,Oui,Non,Oui,Non,Home,86,"[86, 86]",True
40746830a31d144a,english-league,164876,5,2026-09-09T05:46:29Z,C. Palace,N. Forest,4,1,1.69,3.99,4.58,1.17,2.09,1.21,1.59,2.33,1.63,2.23,Oui,Oui,Oui,Non,Non,Away,87,"[29, 39, 64, 79, 87]",True
5964d70b9ec9ba46,english-league,164876,5,2026-09-09T05:46:29Z,Wolverhampton,Liverpool,2,1,3.78,4.0,1.83,1.91,1.23,1.21,1.48,2.6,1.51,2.52,Oui,Oui,Oui,Non,Non,Away,61,"[19, 55, 61]",True
ab92420afc7741d9,english-league,164876,5,2026-09-09T05:46:29Z,Manchester Blue,Brentford,3,0,1.36,5.3,7.35,1.06,3.02,1.13,1.37,3.01,1.68,2.15,Oui,Non,Oui,Non,Non,Home,69,"[57, 67, 69]",True
ffdda619baac702a,english-league,164876,5,2026-09-09T05:46:29Z,Newcastle,London Reds,2,2,2.63,3.37,2.61,1.45,1.44,1.29,1.81,1.97,1.66,2.19,Oui,Oui,Non,Oui,Non,Home,65,"[1, 14, 52, 65]",True
d0264b2ec3d69dd0,english-league,164876,5,2026-09-09T05:46:29Z,Leeds,Fulham,1,3,5.75,4.26,1.54,2.4,1.11,1.19,1.59,2.32,1.73,2.07,Oui,Oui,Non,Non,Oui,Away,47,"[36, 37, 46, 47]",True
57f5f44479ec666f,english-league,164876,5,2026-09-09T05:46:29Z,Sunderland,Manchester Red,0,1,6.44,4.19,1.5,2.49,1.08,1.19,1.69,2.13,1.87,1.9,Non,Non,Non,Non,Oui,Away,24,[24],True
2ac0c891be858d43,english-league,164876,5,2026-09-09T05:46:29Z,Bournemouth,West Ham,1,1,2.0,3.53,3.61,1.25,1.75,1.26,1.76,2.03,1.67,2.17,Non,Oui,Non,Oui,Non,Away,43,"[30, 43]",True
86601ff3fe321834,english-league,164876,7,2026-09-09T05:50:29Z,Wolverhampton,Manchester Red,1,0,2.4,3.42,2.84,1.39,1.53,1.28,1.77,2.02,1.63,2.23,Non,Non,Oui,Non,Non,Home,7,[7],True
6cfdc7b1439ea25f,english-league,164876,7,2026-09-09T05:50:29Z,Brentford,Brighton,2,1,2.12,4.32,2.8,1.4,1.67,1.18,1.27,3.69,1.32,3.33,Oui,Oui,Oui,Non,Non,Home,80,"[39, 42, 80]",True
55903d52095cb9ba,english-league,164876,7,2026-09-09T05:50:29Z,N. Forest,Liverpool,0,1,3.09,3.78,2.12,1.67,1.33,1.23,1.53,2.46,1.5,2.55,Non,Non,Non,Non,Oui,Away,16,[16],True
1fcd50b9145b1c3b,english-league,164876,7,2026-09-09T05:50:29Z,Manchester Blue,West Ham,5,0,1.2,7.07,11.46,1.01,4.29,1.07,1.27,3.64,1.86,1.91,Oui,Non,Oui,Non,Non,Home,78,"[24, 32, 59, 77, 78]",True
3c9bae96251fbbf3,english-league,164876,7,2026-09-09T05:50:29Z,Everton,Fulham,0,1,2.51,3.2,2.86,1.38,1.48,1.31,2.01,1.78,1.78,2.01,Non,Non,Non,Non,Oui,Away,38,[38],True
7a2e5d963518e514,english-league,164876,7,2026-09-09T05:50:29Z,Burnley,London Reds,0,4,9.75,4.81,1.33,3.16,1.03,1.15,1.69,2.13,2.16,1.67,Oui,Non,Non,Non,Oui,Away,71,"[36, 39, 40, 71]",True
75a7586e4525b98b,english-league,164876,7,2026-09-09T05:50:29Z,Leeds,Sunderland,2,2,3.67,3.82,1.9,1.84,1.25,1.23,1.57,2.37,1.55,2.4,Oui,Oui,Non,Oui,Non,Home,90,"[17, 31, 62, 90]",True
4244163a22e59146,english-league,164876,7,2026-09-09T05:50:29Z,Bournemouth,London Blues,0,0,2.46,3.4,2.78,1.4,1.5,1.28,1.78,2.0,1.64,2.22,Non,Non,Non,Oui,Non,,,[],True
4bc7c85a83109967,english-league,164876,7,2026-09-09T05:50:29Z,C. Palace,A. Villa,4,2,2.11,3.53,3.3,1.3,1.67,1.26,1.72,2.09,1.62,2.25,Oui,Oui,Oui,Non,Non,Away,82,"[14, 25, 36, 63, 69, 82]",True
b7fb5d13a66dee61,english-league,164876,7,2026-09-09T05:50:29Z,Newcastle,Spurs,2,0,1.46,5.1,5.59,1.11,2.62,1.14,1.29,3.48,1.5,2.54,Non,Non,Oui,Non,Non,Home,32,"[30, 32]",True
8d0916f347ad6059,english-league,164876,10,2026-09-09T05:56:29Z,Manchester Red,A. Villa,1,0,1.78,3.75,4.31,1.19,1.97,1.24,1.7,2.12,1.69,2.14,Non,Non,Oui,Non,Non,Home,2,[2],True
10ba6e9cf507ee9d,english-league,164876,10,2026-09-09T05:56:29Z,Spurs,N. Forest,4,1,1.52,4.81,5.12,1.13,2.44,1.15,1.33,3.27,1.49,2.58,Oui,Oui,Oui,Non,Non,Away,50,"[10, 34, 39, 46, 50]",True
c6c11074ff0d680c,english-league,164876,10,2026-09-09T05:56:29Z,Fulham,Brighton,3,2,2.25,4.1,2.69,1.43,1.59,1.2,1.34,3.19,1.36,3.08,Oui,Oui,Oui,Non,Non,Away,81,"[16, 35, 54, 75, 81]",True
048c8cc04ed38496,english-league,164876,10,2026-09-09T05:56:29Z,Leeds,Burnley,2,2,3.18,3.9,2.04,1.72,1.32,1.22,1.47,2.64,1.46,2.66,Oui,Oui,Non,Oui,Non,Home,90,"[37, 43, 82, 90]",True
e4c18af1a7fdcfd6,english-league,164876,10,2026-09-09T05:56:29Z,Newcastle,Everton,1,0,1.33,4.96,9.56,1.03,3.21,1.14,1.62,2.25,2.08,1.73,Non,Non,Oui,Non,Non,Home,65,[65],True
62029c3396075ee5,english-league,164876,10,2026-09-09T05:56:29Z,Sunderland,Manchester Blue,1,5,19.63,7.67,1.14,5.41,0.97,1.06,1.41,2.87,2.52,1.51,Oui,Oui,Non,Non,Oui,Away,67,"[26, 27, 37, 53, 62, 67]",True
24445b1aa6c2b408,english-league,164876,10,2026-09-09T05:56:29Z,West Ham,C. Palace,1,2,2.33,3.44,2.95,1.36,1.56,1.28,1.76,2.03,1.63,2.24,Oui,Oui,Non,Non,Oui,Away,56,"[31, 43, 56]",True
58f4d6ebfb3fe109,english-league,164876,10,2026-09-09T05:56:29Z,London Reds,Liverpool,2,2,1.76,4.33,3.84,1.23,2.0,1.18,1.36,3.1,1.43,2.78,Oui,Oui,Non,Oui,Non,Away,78,"[20, 28, 29, 78]",True
75c96c5866a63f1a,english-league,164876,10,2026-09-09T05:56:29Z,Bournemouth,Wolverhampton,0,0,1.81,3.63,4.29,1.19,1.93,1.25,1.78,2.01,1.74,2.07,Non,Non,Non,Oui,Non,,,[],True
6307637c69b52ea7,english-league,164876,10,2026-09-09T05:56:29Z,London Blues,Brentford,0,1,1.79,3.79,4.23,1.19,1.96,1.23,1.66,2.18,1.66,2.19,Non,Non,Non,Non,Oui,Away,61,[61],True
45ea6734432c4539,english-league,164876,11,2026-09-09T05:58:29Z,A. Villa,Spurs,1,3,1.7,4.59,3.94,1.22,2.08,1.17,1.28,3.57,1.38,2.96,Oui,Oui,Non,Non,Oui,Away,90,"[28, 29, 49, 90]",True
793ddc448e3a99cd,english-league,164876,11,2026-09-09T05:58:29Z,N. Forest,Leeds,4,1,1.47,4.12,7.21,1.07,2.57,1.2,1.82,1.96,2.04,1.75,Oui,Oui,Oui,Non,Non,Away,79,"[29, 40, 62, 66, 79]",True
59678f4830e53aae,english-league,164876,11,2026-09-09T05:58:29Z,Brentford,Sunderland,1,0,1.57,4.63,4.81,1.15,2.32,1.16,1.35,3.14,1.48,2.59,Non,Non,Oui,Non,Non,Home,62,[62],True
4ca8d47418beb160,english-league,164876,11,2026-09-09T05:58:29Z,Manchester Blue,Newcastle,3,2,1.44,5.19,5.86,1.1,2.7,1.13,1.3,3.46,1.52,2.49,Oui,Oui,Oui,Non,Non,Home,80,"[35, 40, 66, 67, 80]",True
f1b3a1413aabfc0c,english-league,164876,11,2026-09-09T05:58:29Z,Everton,Wolverhampton,1,0,1.9,3.45,4.1,1.2,1.84,1.27,1.91,1.87,1.8,1.98,Non,Non,Oui,Non,Non,Home,8,[8],True
a01787a6786538ef,english-league,164876,11,2026-09-09T05:58:29Z,West Ham,Fulham,1,0,2.37,3.57,2.8,1.4,1.54,1.26,1.65,2.21,1.56,2.39,Non,Non,Oui,Non,Non,Home,69,[69],True
704a7340b0d27e11,english-league,164876,11,2026-09-09T05:58:29Z,Burnley,Bournemouth,2,1,2.9,3.62,2.28,1.58,1.37,1.25,1.61,2.27,1.54,2.43,Oui,Oui,Oui,Non,Non,Away,53,"[43, 44, 53]",True
afed732c7482d4a5,english-league,164876,11,2026-09-09T05:58:29Z,C. Palace,London Reds,1,3,5.27,3.93,1.62,2.21,1.13,1.22,1.71,2.1,1.78,2.01,Oui,Oui,Non,Non,Oui,Home,75,"[27, 51, 74, 75]",True
226b86ab2729e5a3,english-league,164876,11,2026-09-09T05:58:29Z,Brighton,London Blues,2,1,1.94,3.9,3.48,1.27,1.8,1.22,1.5,2.54,1.5,2.55,Oui,Oui,Oui,Non,Non,Away,44,"[13, 41, 44]",True
dc8a39229c60af90,english-league,164876,11,2026-09-09T05:58:29Z,Liverpool,Manchester Red,3,0,1.32,5.29,8.96,1.03,3.27,1.13,1.48,2.6,1.9,1.87,Oui,Non,Oui,Non,Non,Home,78,"[26, 34, 78]",True
65eb4af607ce9034,english-league,164876,12,2026-09-09T06:00:29Z,Fulham,C. Palace,1,1,2.11,3.6,3.24,1.31,1.67,1.25,1.66,2.18,1.59,2.32,Non,Oui,Non,Oui,Non,Away,86,"[80, 86]",True
cb69cc7eb18aadc8,english-league,164876,12,2026-09-09T06:00:29Z,Manchester Red,London Reds,1,1,4.41,3.56,1.81,1.93,1.18,1.26,1.86,1.91,1.8,1.98,Non,Oui,Non,Oui,Non,Home,31,"[22, 31]",True
863930fd306ae2a4,english-league,164876,12,2026-09-09T06:00:29Z,Everton,Burnley,1,1,1.78,3.8,4.23,1.19,1.96,1.23,1.66,2.19,1.66,2.19,Non,Oui,Non,Oui,Non,Home,60,"[48, 60]",True
eb84bbd9d1b17511,english-league,164876,12,2026-09-09T06:00:29Z,Newcastle,Brentford,1,4,1.55,4.28,5.53,1.12,2.37,1.19,1.55,2.4,1.69,2.14,Oui,Oui,Non,Non,Oui,Home,85,"[42, 45, 46, 74, 85]",True
29c4018b8b33846e,english-league,164876,12,2026-09-09T06:00:29Z,Spurs,Liverpool,2,3,2.6,4.2,2.28,1.58,1.45,1.19,1.3,3.43,1.34,3.21,Oui,Oui,Non,Non,Oui,Home,75,"[16, 19, 21, 57, 75]",True
6dc2d4a1c60dc7b9,english-league,164876,12,2026-09-09T06:00:29Z,Sunderland,Brighton,0,3,7.49,5.36,1.35,3.07,1.06,1.12,1.37,3.04,1.69,2.14,Oui,Non,Non,Non,Oui,Away,79,"[27, 52, 79]",True
0c8b2f22b8d541ae,english-league,164876,12,2026-09-09T06:00:29Z,London Blues,West Ham,1,1,1.49,4.49,6.02,1.1,2.53,1.17,1.51,2.51,1.7,2.12,Non,Oui,Non,Oui,Non,Away,66,"[21, 66]",True
05d2eaaae6135ff1,english-league,164876,12,2026-09-09T06:00:29Z,Wolverhampton,Manchester Blue,2,1,5.7,4.02,1.57,2.31,1.11,1.21,1.7,2.11,1.81,1.97,Oui,Oui,Oui,Non,Non,Away,82,"[50, 75, 82]",True
d22ff48ba29d481d,english-league,164876,12,2026-09-09T06:00:29Z,Bournemouth,N. Forest,0,1,1.89,3.65,3.9,1.22,1.85,1.25,1.71,2.11,1.66,2.18,Non,Non,Non,Non,Oui,Away,19,[19],True
1a2cd402b507bb17,english-league,164876,12,2026-09-09T06:00:29Z,Leeds,A. Villa,1,2,5.2,3.95,1.63,2.2,1.13,1.22,1.69,2.14,1.76,2.04,Oui,Oui,Non,Non,Oui,Away,86,"[44, 45, 86]",True
8f647f6bec37ac05,english-league,164876,15,2026-09-09T06:06:29Z,A. Villa,Manchester Blue,0,1,2.96,3.66,2.23,1.61,1.36,1.25,1.59,2.33,1.52,2.47,Non,Non,Non,Non,Oui,Away,48,[48],True
5dcf009f97b74f51,english-league,164876,15,2026-09-09T06:06:29Z,C. Palace,Spurs,2,2,2.17,3.98,2.88,1.38,1.64,1.21,1.4,2.88,1.41,2.86,Oui,Oui,Non,Oui,Non,Home,78,"[2, 42, 78, 78]",True
cf07a9451411527d,english-league,164876,15,2026-09-09T06:06:29Z,Manchester Red,Leeds,2,0,1.38,4.62,8.53,1.04,2.94,1.16,1.69,2.14,2.06,1.74,Non,Non,Oui,Non,Non,Home,69,"[65, 69]",True
8894108117bd434e,english-league,164876,15,2026-09-09T06:06:29Z,West Ham,Wolverhampton,2,0,1.86,3.88,3.78,1.23,1.88,1.22,1.55,2.42,1.55,2.42,Non,Non,Oui,Non,Non,Home,51,"[39, 51]",True
44f0670e035d3157,english-league,164876,15,2026-09-09T06:06:29Z,London Blues,Sunderland,2,2,1.43,4.78,6.71,1.08,2.74,1.15,1.47,2.63,1.71,2.1,Oui,Oui,Non,Oui,Non,Home,79,"[15, 29, 74, 79]",True
e1897687c4131a7c,english-league,164876,15,2026-09-09T06:06:29Z,Liverpool,Everton,1,2,1.26,5.53,11.97,1.01,3.71,1.12,1.58,2.35,2.23,1.64,Oui,Oui,Non,Non,Oui,Away,70,"[19, 64, 70]",True
2ffb7e054321dd84,english-league,164876,15,2026-09-09T06:06:29Z,Brighton,Burnley,3,0,1.39,5.26,6.54,1.08,2.86,1.13,1.33,3.26,1.59,2.33,Oui,Non,Oui,Non,Non,Home,76,"[7, 34, 76]",True
37cbd6b2641adc4e,english-league,164876,15,2026-09-09T06:06:29Z,Fulham,Newcastle,1,2,2.62,3.85,2.39,1.53,1.45,1.23,1.45,2.69,1.43,2.76,Oui,Oui,Non,Non,Oui,Home,76,"[68, 69, 76]",True
01d613927a281397,english-league,164876,15,2026-09-09T06:06:29Z,Brentford,N. Forest,4,0,1.59,4.59,4.72,1.16,2.28,1.17,1.36,3.1,1.49,2.58,Oui,Non,Oui,Non,Non,Home,79,"[18, 57, 75, 79]",True
2dbea7773299c611,english-league,164876,15,2026-09-09T06:06:29Z,London Reds,Bournemouth,1,1,1.28,6.1,8.59,1.04,3.5,1.1,1.29,3.5,1.7,2.12,Non,Oui,Non,Oui,Non,Home,59,"[55, 59]",True
1b1e322318d79b53,english-league,164876,17,2026-09-09T06:10:29Z,C. Palace,Leeds,2,2,1.5,4.11,6.61,1.08,2.49,1.2,1.76,2.03,1.94,1.84,Oui,Oui,Non,Oui,Non,Home,86,"[37, 42, 85, 86]",True
6fac83ab0b13f3b2,english-league,164876,17,2026-09-09T06:10:29Z,Spurs,Bournemouth,2,2,1.67,4.65,4.04,1.21,2.12,1.16,1.27,3.63,1.38,2.96,Oui,Oui,Non,Oui,Non,Home,70,"[3, 23, 63, 70]",True
ef1e4ee656792567,english-league,164876,17,2026-09-09T06:10:29Z,West Ham,N. Forest,0,2,1.82,3.97,3.85,1.23,1.92,1.21,1.51,2.52,1.53,2.47,Non,Non,Non,Non,Oui,Away,88,"[80, 88]",True
37f682353f86e522,english-league,164876,17,2026-09-09T06:10:29Z,Sunderland,Newcastle,3,1,9.14,5.57,1.3,3.39,1.03,1.11,1.42,2.81,1.85,1.93,Oui,Oui,Oui,Non,Non,Home,77,"[41, 48, 61, 77]",True
3dcf23ddb3840bd4,english-league,164876,17,2026-09-09T06:10:29Z,Fulham,Burnley,4,1,1.56,4.7,4.89,1.15,2.35,1.16,1.33,3.22,1.48,2.61,Oui,Oui,Oui,Non,Non,Home,90,"[13, 19, 39, 47, 90]",True
d6524b2988260d48,english-league,164876,17,2026-09-09T06:10:29Z,Brighton,A. Villa,1,3,1.82,3.89,3.92,1.22,1.92,1.22,1.56,2.39,1.57,2.37,Oui,Oui,Non,Non,Oui,Away,86,"[25, 51, 62, 86]",True
ac64cf16f5234870,english-league,164876,17,2026-09-09T06:10:29Z,London Reds,Manchester Blue,1,1,2.22,3.68,2.97,1.36,1.61,1.25,1.58,2.34,1.52,2.48,Non,Oui,Non,Oui,Non,Home,21,"[18, 21]",True
9f50ba691355a4c0,english-league,164876,17,2026-09-09T06:10:29Z,Manchester Red,Everton,2,1,1.66,3.58,5.6,1.11,2.14,1.26,2.01,1.78,2.02,1.77,Oui,Oui,Oui,Non,Non,Home,87,"[25, 41, 87]",True
4694ff8f0993b88f,english-league,164876,17,2026-09-09T06:10:29Z,London Blues,Wolverhampton,0,1,1.46,4.54,6.37,1.09,2.6,1.17,1.53,2.47,1.74,2.07,Non,Non,Non,Non,Oui,Away,53,[53],True
a2721fefc7d7210d,english-league,164876,17,2026-09-09T06:10:29Z,Liverpool,Brentford,4,0,1.41,4.8,7.04,1.07,2.8,1.15,1.49,2.56,1.76,2.03,Oui,Non,Oui,Non,Non,Home,73,"[24, 28, 62, 73]",True
8ef226223396ea2b,english-league,164876,20,2026-09-09T06:16:29Z,A. Villa,London Blues,1,2,1.62,4.36,4.67,1.16,2.21,1.18,1.43,2.77,1.53,2.45,Oui,Oui,Non,Non,Oui,Away,83,"[18, 31, 83]",True
8a7a8a135b35a027,english-league,164876,20,2026-09-09T06:16:29Z,Brighton,Manchester Red,1,1,1.82,3.86,3.98,1.21,1.92,1.23,1.58,2.34,1.59,2.33,Non,Oui,Non,Oui,Non,Away,60,"[26, 60]",True
28662a7317692bc5,english-league,164876,20,2026-09-09T06:16:29Z,Brentford,Spurs,1,3,2.04,4.39,2.93,1.37,1.73,1.18,1.25,3.82,1.31,3.36,Oui,Oui,Non,Non,Oui,Away,84,"[42, 43, 49, 84]",True
c77d7bc8bd296c0c,english-league,164876,20,2026-09-09T06:16:29Z,West Ham,London Reds,1,1,6.63,4.41,1.47,2.6,1.08,1.18,1.61,2.28,1.82,1.95,Non,Oui,Non,Oui,Non,Home,89,"[59, 89]",True
757e264fa96a8e79,english-league,164876,20,2026-09-09T06:16:29Z,Wolverhampton,C. Palace,1,2,2.41,3.29,2.94,1.36,1.52,1.3,1.91,1.87,1.72,2.09,Oui,Oui,Non,Non,Oui,Home,44,"[36, 38, 44]",True
0116a3853d477d6c,english-league,164876,20,2026-09-09T06:16:29Z,Liverpool,Fulham,4,0,1.35,5.07,8.25,1.05,3.08,1.14,1.49,2.56,1.85,1.92,Oui,Non,Oui,Non,Non,Home,54,"[44, 45, 49, 54]",True
f011b51b03e7103b,english-league,164876,20,2026-09-09T06:16:29Z,N. Forest,Sunderland,0,0,1.69,3.95,4.62,1.16,2.09,1.22,1.61,2.27,1.66,2.19,Non,Non,Non,Oui,Non,,,[],True
b9a1b65111189582,english-league,164876,20,2026-09-09T06:16:29Z,Manchester Blue,Leeds,3,0,1.11,9.08,21.19,0.97,6.24,1.03,1.29,3.52,2.46,1.53,Oui,Non,Oui,Non,Non,Home,83,"[40, 56, 83]",True
10fa1f4734c958f5,english-league,164876,20,2026-09-09T06:16:29Z,Everton,Bournemouth,0,3,2.1,3.53,3.33,1.29,1.68,1.26,1.73,2.08,1.63,2.24,Oui,Non,Non,Non,Oui,Away,73,"[31, 70, 73]",True
155bc995dae94aba,english-league,164876,20,2026-09-09T06:16:29Z,Burnley,Newcastle,0,2,4.39,3.86,1.75,2.02,1.18,1.23,1.64,2.23,1.65,2.2,Non,Non,Non,Non,Oui,Away,29,"[17, 29]",True
0e791144cf32f547,english-league,164876,22,2026-09-09T06:20:29Z,Brentford,Bournemouth,6,0,1.71,4.55,3.93,1.22,2.07,1.17,1.29,3.5,1.39,2.94,Oui,Non,Oui,Non,Non,Home,73,"[7, 22, 30, 53, 68, 73]",True
cbee3fd385454d5c,english-league,164876,22,2026-09-09T06:20:29Z,Manchester Blue,Everton,1,2,1.22,6.16,12.58,1.0,4.06,1.09,1.45,2.69,2.13,1.7,Oui,Oui,Non,Non,Oui,Home,32,"[6, 31, 32]",True
1f24b1557988d0bb,english-league,164876,22,2026-09-09T06:20:29Z,London Reds,London Blues,2,1,1.43,4.98,6.32,1.09,2.73,1.14,1.38,2.97,1.62,2.26,Oui,Oui,Oui,Non,Non,Away,81,"[1, 23, 81]",True
cebd414012bb9468,english-league,164876,22,2026-09-09T06:20:29Z,Burnley,C. Palace,0,4,3.45,3.21,2.18,1.63,1.28,1.31,2.05,1.75,1.83,1.95,Oui,Non,Non,Non,Oui,Away,79,"[8, 35, 61, 79]",True
9e1776b874574c23,english-league,164876,22,2026-09-09T06:20:29Z,N. Forest,Wolverhampton,1,1,1.68,3.92,4.78,1.15,2.11,1.22,1.65,2.2,1.69,2.13,Non,Oui,Non,Oui,Non,Home,35,"[1, 35]",True
52bea1f41c49bfb8,english-league,164876,22,2026-09-09T06:20:29Z,Brighton,Leeds,2,1,1.35,4.94,8.55,1.04,3.07,1.14,1.56,2.38,1.95,1.83,Oui,Oui,Oui,Non,Non,Home,88,"[74, 78, 88]",True
b0ed4232d1826b33,english-league,164876,22,2026-09-09T06:20:29Z,West Ham,Spurs,1,1,2.6,3.99,2.36,1.54,1.45,1.21,1.39,2.96,1.39,2.94,Non,Oui,Non,Oui,Non,Home,7,"[4, 7]",True
620240b9429a333d,english-league,164876,22,2026-09-09T06:20:29Z,A. Villa,Newcastle,0,2,1.85,4.2,3.56,1.26,1.89,1.19,1.37,3.03,1.42,2.82,Non,Non,Non,Non,Oui,Away,56,"[27, 56]",True
e52dae3e2cd80b99,english-league,164876,22,2026-09-09T06:20:29Z,Liverpool,Sunderland,4,1,1.2,6.87,12.29,1.0,4.33,1.07,1.32,3.28,1.97,1.81,Oui,Oui,Oui,Non,Non,Home,82,"[5, 45, 78, 79, 82]",True
58e0723add7a9f10,english-league,164876,22,2026-09-09T06:20:29Z,Fulham,Manchester Red,1,2,2.02,3.76,3.35,1.29,1.74,1.24,1.57,2.37,1.53,2.45,Oui,Oui,Non,Non,Oui,Away,69,"[25, 51, 69]",True
eb6fb2f76e46b591,english-league,164876,25,2026-09-09T06:26:29Z,Leeds,London Blues,2,1,5.51,4.33,1.54,2.38,1.12,1.18,1.53,2.45,1.67,2.16,Oui,Oui,Oui,Non,Non,Away,75,"[16, 53, 75]",True
49dc46b80944ad1a,english-league,164876,25,2026-09-09T06:26:29Z,N. Forest,A. Villa,1,4,2.02,3.5,3.57,1.26,1.74,1.27,1.78,2.01,1.68,2.15,Oui,Oui,Non,Non,Oui,Away,73,"[40, 41, 41, 59, 73]",True
71bb188af38e6c4a,english-league,164876,25,2026-09-09T06:26:29Z,Wolverhampton,London Reds,1,3,6.49,4.11,1.51,2.47,1.08,1.2,1.75,2.05,1.92,1.86,Oui,Oui,Non,Non,Oui,Away,71,"[9, 33, 57, 71]",True
a20bfe88ab583599,english-league,164876,25,2026-09-09T06:26:29Z,C. Palace,Brentford,1,1,2.33,3.45,2.93,1.37,1.55,1.27,1.75,2.05,1.62,2.25,Non,Oui,Non,Oui,Non,Home,78,"[68, 78]",True
c955b847283e854f,english-league,164876,25,2026-09-09T06:26:29Z,Newcastle,Manchester Red,2,0,1.43,4.65,6.94,1.07,2.73,1.16,1.54,2.44,1.79,2.0,Non,Non,Oui,Non,Non,Home,69,"[26, 69]",True
45f61a2681e99dcb,english-league,164876,25,2026-09-09T06:26:29Z,Bournemouth,Fulham,0,0,2.54,3.27,2.77,1.4,1.47,1.3,1.92,1.85,1.72,2.08,Non,Non,Non,Oui,Non,,,[],True
b718ea02b6543ea3,english-league,164876,25,2026-09-09T06:26:29Z,Everton,West Ham,0,1,2.11,3.34,3.48,1.27,1.67,1.29,1.92,1.86,1.76,2.04,Non,Non,Non,Non,Oui,Away,47,[47],True
102442f69cdea4c7,english-league,164876,25,2026-09-09T06:26:29Z,Burnley,Liverpool,0,0,5.12,4.28,1.58,2.29,1.13,1.19,1.51,2.52,1.62,2.26,Non,Non,Non,Oui,Non,,,[],True
ee8640f4e1dddc37,english-league,164876,25,2026-09-09T06:26:29Z,Manchester Blue,Brighton,5,1,1.34,5.85,7.07,1.07,3.14,1.1,1.25,3.82,1.57,2.37,Oui,Oui,Oui,Non,Non,Home,80,"[26, 36, 39, 53, 58, 80]",True
770f0d66617bf79a,english-league,164876,25,2026-09-09T06:26:29Z,Sunderland,Spurs,1,1,7.77,5.5,1.33,3.16,1.05,1.12,1.36,3.1,1.7,2.12,Non,Oui,Non,Oui,Non,Away,32,"[22, 32]",True
4b74a3d6205e58ee,english-league,164876,27,2026-09-09T06:30:29Z,C. Palace,Brighton,1,1,2.3,3.89,2.72,1.42,1.57,1.22,1.44,2.75,1.42,2.79,Non,Oui,Non,Oui,Non,Away,63,"[5, 63]",True
55bc517b916f1bba,english-league,164876,27,2026-09-09T06:30:29Z,Bournemouth,Sunderland,1,0,1.9,3.65,3.84,1.23,1.84,1.25,1.7,2.12,1.65,2.2,Non,Non,Oui,Non,Non,Home,56,[56],True
050c30d4f383cf7d,english-league,164876,27,2026-09-09T06:30:29Z,Manchester Blue,Fulham,1,1,1.32,5.68,8.08,1.05,3.27,1.11,1.34,3.2,1.7,2.12,Non,Oui,Non,Oui,Non,Home,87,"[77, 87]",True
bbd9576806ec648e,english-league,164876,27,2026-09-09T06:30:29Z,N. Forest,London Reds,0,1,4.72,3.62,1.75,2.01,1.16,1.25,1.85,1.92,1.82,1.96,Non,Non,Non,Non,Oui,Away,2,[2],True
64ac9b4f2aca4e04,english-league,164876,27,2026-09-09T06:30:29Z,Newcastle,Leeds,1,2,1.16,7.3,16.79,0.98,5.0,1.06,1.39,2.93,2.33,1.58,Oui,Oui,Non,Non,Oui,Home,90,"[23, 88, 90]",True
847e3d8f9974e053,english-league,164876,27,2026-09-09T06:30:29Z,Brentford,West Ham,2,1,1.64,4.44,4.44,1.18,2.18,1.18,1.37,3.02,1.47,2.62,Oui,Oui,Oui,Non,Non,Away,60,"[11, 34, 60]",True
c2893f2ffd62aff8,english-league,164876,27,2026-09-09T06:30:29Z,Burnley,Manchester Red,1,1,3.11,3.31,2.29,1.57,1.33,1.3,1.91,1.87,1.73,2.08,Non,Oui,Non,Oui,Non,Home,58,"[13, 58]",True
cd7ddad74bb97185,english-league,164876,27,2026-09-09T06:30:29Z,Everton,London Blues,0,3,2.57,3.26,2.75,1.41,1.46,1.3,1.93,1.84,1.73,2.07,Oui,Non,Non,Non,Oui,Away,57,"[31, 44, 57]",True
ae31b45f6f4b2399,english-league,164876,27,2026-09-09T06:30:29Z,A. Villa,Liverpool,1,1,2.17,4.05,2.83,1.39,1.64,1.21,1.37,3.04,1.38,2.97,Non,Oui,Non,Oui,Non,Away,45,"[40, 45]",True
80967f4bc58f94de,english-league,164876,27,2026-09-09T06:30:29Z,Wolverhampton,Spurs,1,1,2.65,3.89,2.35,1.55,1.44,1.22,1.44,2.74,1.43,2.79,Non,Oui,Non,Oui,Non,Home,68,"[56, 68]",True
2b06a68e4258d1c4,english-league,164876,30,2026-09-09T06:36:29Z,Spurs,A. Villa,2,0,1.84,4.15,3.64,1.25,1.9,1.2,1.4,2.88,1.45,2.71,Non,Non,Oui,Non,Non,Home,72,"[12, 72]",True
344b1aa97c8e81bc,english-league,164876,30,2026-09-09T06:36:29Z,Leeds,N. Forest,1,1,3.53,3.7,1.97,1.77,1.26,1.24,1.63,2.25,1.58,2.34,Non,Oui,Non,Oui,Non,Away,35,"[3, 35]",True
fa1e9e453bbf2a07,english-league,164876,30,2026-09-09T06:36:29Z,Sunderland,Brentford,2,1,7.28,4.44,1.43,2.71,1.06,1.18,1.66,2.19,1.92,1.85,Oui,Oui,Oui,Non,Non,Home,80,"[16, 51, 80]",True
b9f46793a4743172,english-league,164876,30,2026-09-09T06:36:29Z,Newcastle,Manchester Blue,1,3,2.26,3.56,2.96,1.36,1.59,1.26,1.66,2.19,1.57,2.36,Oui,Oui,Non,Non,Oui,Away,89,"[18, 46, 89, 89]",True
45d2b6c5038d7bb2,english-league,164876,30,2026-09-09T06:36:29Z,Wolverhampton,Everton,3,2,2.17,3.13,3.57,1.26,1.64,1.33,2.18,1.66,1.92,1.86,Oui,Oui,Oui,Non,Non,Home,68,"[10, 28, 36, 62, 68]",True
0ea29a9980f5ae54,english-league,164876,30,2026-09-09T06:36:29Z,Fulham,West Ham,1,3,1.81,4.02,3.86,1.23,1.93,1.21,1.48,2.6,1.51,2.51,Oui,Oui,Non,Non,Oui,Home,61,"[10, 35, 55, 61]",True
d62d58f197a3c382,english-league,164876,30,2026-09-09T06:36:29Z,Bournemouth,Burnley,3,1,1.72,3.99,4.36,1.18,2.04,1.21,1.56,2.38,1.6,2.29,Oui,Oui,Oui,Non,Non,Home,77,"[28, 51, 58, 77]",True
786a106b31b6d182,english-league,164876,30,2026-09-09T06:36:29Z,London Reds,C. Palace,3,0,1.36,5.01,7.86,1.05,3.0,1.14,1.49,2.58,1.82,1.96,Oui,Non,Oui,Non,Non,Home,88,"[7, 10, 88]",True
55c56aa21332a91b,english-league,164876,30,2026-09-09T06:36:29Z,London Blues,Brighton,2,2,1.76,4.18,3.94,1.22,1.99,1.2,1.42,2.82,1.47,2.62,Oui,Oui,Non,Oui,Non,Home,86,"[19, 43, 80, 86]",True
608825e2490c5db3,english-league,164876,30,2026-09-09T06:36:29Z,Manchester Red,Liverpool,1,0,2.66,3.7,2.41,1.52,1.43,1.24,1.55,2.42,1.49,2.56,Non,Non,Oui,Non,Non,Home,83,[83],True
5f94d7a4304832e5,english-league,164876,32,2026-09-09T06:40:29Z,Spurs,London Reds,0,4,4.35,4.14,1.7,2.08,1.18,1.2,1.48,2.6,1.54,2.43,Oui,Non,Non,Non,Oui,Away,68,"[1, 9, 36, 68]",True
a7fea79fc298fb25,english-league,164876,32,2026-09-09T06:40:29Z,Manchester Red,C. Palace,3,1,1.89,3.51,4.05,1.21,1.85,1.27,1.84,1.94,1.75,2.04,Oui,Oui,Oui,Non,Non,Away,65,"[17, 20, 57, 65]",True
ae82deb79aa7d4ce,english-league,164876,32,2026-09-09T06:40:29Z,Wolverhampton,Brentford,0,2,2.76,3.36,2.5,1.49,1.41,1.29,1.82,1.96,1.66,2.18,Non,Non,Non,Non,Oui,Away,19,"[18, 19]",True
79dfc5eac4ff5bb1,english-league,164876,32,2026-09-09T06:40:29Z,Newcastle,Brighton,2,1,1.45,5.04,5.8,1.11,2.65,1.14,1.32,3.28,1.54,2.45,Oui,Oui,Oui,Non,Non,Away,50,"[19, 49, 50]",True
b04a514f719c2db7,english-league,164876,32,2026-09-09T06:40:29Z,Everton,N. Forest,0,0,1.95,3.45,3.87,1.22,1.79,1.27,1.86,1.91,1.75,2.04,Non,Non,Non,Oui,Non,,,[],True
d9ecc4a4d5302054,english-league,164876,32,2026-09-09T06:40:29Z,Bournemouth,A. Villa,2,1,2.25,3.28,3.23,1.31,1.6,1.3,1.94,1.83,1.75,2.04,Oui,Oui,Oui,Non,Non,Away,43,"[22, 26, 43]",True
dcf532f0002a77b2,english-league,164876,32,2026-09-09T06:40:29Z,London Blues,Fulham,2,1,1.76,3.83,4.31,1.19,1.99,1.23,1.64,2.21,1.65,2.2,Oui,Oui,Oui,Non,Non,Home,70,"[42, 44, 70]",True
380e9db48dbc87ba,english-league,164876,32,2026-09-09T06:40:29Z,Sunderland,West Ham,2,1,5.02,4.04,1.63,2.2,1.14,1.21,1.62,2.27,1.69,2.13,Oui,Oui,Oui,Non,Non,Home,59,"[43, 44, 59]",True
0883c044496bfc4a,english-league,164876,32,2026-09-09T06:40:29Z,Leeds,Liverpool,0,2,9.21,5.77,1.29,3.48,1.03,1.11,1.38,2.98,1.82,1.96,Non,Non,Non,Non,Oui,Away,42,"[35, 42]",True
0235a0dc3aac6bff,english-league,164876,32,2026-09-09T06:40:29Z,Burnley,Manchester Blue,0,1,7.64,4.41,1.42,2.74,1.06,1.18,1.71,2.11,1.99,1.79,Non,Non,Non,Non,Oui,Away,1,[1],True
b468fecbd01ab52c,english-league,164876,35,2026-09-09T06:46:29Z,West Ham,Burnley,0,0,1.7,4.33,4.14,1.2,2.08,1.18,1.38,2.99,1.46,2.67,Non,Non,Non,Oui,Non,,,[],True
6ab30ce24ccf18c4,english-league,164876,35,2026-09-09T06:46:29Z,London Blues,Newcastle,0,2,1.93,3.9,3.51,1.27,1.81,1.22,1.5,2.53,1.5,2.53,Non,Non,Non,Non,Oui,Away,37,"[16, 37]",True
3a6e99df03608bbd,english-league,164876,35,2026-09-09T06:46:29Z,Liverpool,Manchester Blue,1,3,2.15,3.57,3.18,1.32,1.65,1.26,1.68,2.16,1.59,2.32,Oui,Oui,Non,Non,Oui,Away,90,"[20, 39, 90, 90]",True
31691f7b54155a1b,english-league,164876,35,2026-09-09T06:46:29Z,Spurs,Leeds,3,0,1.33,5.43,8.25,1.05,3.21,1.12,1.4,2.89,1.77,2.02,Oui,Non,Oui,Non,Non,Home,86,"[49, 67, 86]",True
61dfdc3b07eb540b,english-league,164876,35,2026-09-09T06:46:29Z,Brighton,N. Forest,1,2,1.56,4.43,5.22,1.13,2.35,1.18,1.45,2.68,1.59,2.32,Oui,Oui,Non,Non,Oui,Away,52,"[39, 43, 52]",True
026966e7f3e1d7e0,english-league,164876,35,2026-09-09T06:46:29Z,Fulham,Wolverhampton,4,2,1.67,4.17,4.52,1.17,2.13,1.2,1.49,2.57,1.56,2.38,Oui,Oui,Oui,Non,Non,Away,71,"[16, 27, 28, 68, 71, 71]",True
c7f25f64b2863de1,english-league,164876,35,2026-09-09T06:46:29Z,London Reds,Everton,3,1,1.3,5.25,9.95,1.02,3.37,1.13,1.55,2.41,2.04,1.75,Oui,Oui,Oui,Non,Non,Home,51,"[24, 28, 36, 51]",True
af0af680b0d42a71,english-league,164876,35,2026-09-09T06:46:29Z,C. Palace,Sunderland,5,1,1.71,4.06,4.4,1.18,2.07,1.21,1.53,2.47,1.58,2.34,Oui,Oui,Oui,Non,Non,Home,85,"[18, 38, 42, 47, 81, 85]",True
27475ab5d547f58c,english-league,164876,35,2026-09-09T06:46:29Z,A. Villa,Brentford,3,0,1.66,4.16,4.57,1.17,2.14,1.2,1.5,2.54,1.57,2.35,Oui,Non,Oui,Non,Non,Home,71,"[30, 50, 71]",True
011947cf3be072e6,english-league,164876,35,2026-09-09T06:46:29Z,Manchester Red,Bournemouth,2,0,1.65,4.25,4.59,1.17,2.17,1.19,1.46,2.66,1.55,2.41,Non,Non,Oui,Non,Non,Home,76,"[39, 76]",True
