match_key,bet_type_name,bet_type_id,outcome_short_name,odds
49129261495fde59,1X2,30083,1,1.18
49129261495fde59,1X2,30083,X,6.73
49129261495fde59,1X2,30083,2,15.25
49129261495fde59,Mi-tps 1X2,30084,1,1.59
49129261495fde59,Mi-tps 1X2,30084,X,2.68
49129261495fde59,Mi-tps 1X2,30084,2,12.85
49129261495fde59,Double Chance,30085,1X,0.99
49129261495fde59,Double Chance,30085,X2,4.58
49129261495fde59,Double Chance,30085,12,1.08
49129261495fde59,Mi-tps DC,30086,1X,1.0
49129261495fde59,Mi-tps DC,30086,X2,2.21
49129261495fde59,Mi-tps DC,30086,12,1.42
49129261495fde59,Score exact,30081,0-0,19.7
49129261495fde59,Score exact,30081,0-1,40.52
49129261495fde59,Score exact,30081,0-2,100.0
49129261495fde59,Score exact,30081,0-3,100.0
49129261495fde59,Score exact,30081,0-4,100.0
49129261495fde59,Score exact,30081,0-5,100.0
49129261495fde59,Score exact,30081,0-6,100.0
49129261495fde59,Score exact,30081,1-0,10.91
49129261495fde59,Score exact,30081,1-1,13.78
49129261495fde59,Score exact,30081,1-2,42.88
49129261495fde59,Score exact,30081,1-3,100.0
49129261495fde59,Score exact,30081,1-4,100.0
49129261495fde59,Score exact,30081,1-5,100.0
49129261495fde59,Score exact,30081,2-0,7.27
49129261495fde59,Score exact,30081,2-1,9.61
49129261495fde59,Score exact,30081,2-2,32.13
49129261495fde59,Score exact,30081,2-3,100.0
49129261495fde59,Score exact,30081,2-4,100.0
49129261495fde59,Score exact,30081,3-0,6.45
49129261495fde59,Score exact,30081,3-1,10.6
49129261495fde59,Score exact,30081,3-2,38.28
49129261495fde59,Score exact,30081,3-3,100.0
49129261495fde59,Score exact,30081,4-0,9.47
49129261495fde59,Score exact,30081,4-1,15.51
49129261495fde59,Score exact,30081,4-2,100.0
49129261495fde59,Score exact,30081,5-0,16.21
49129261495fde59,Score exact,30081,5-1,45.38
49129261495fde59,Score exact,30081,6-0,47.43
49129261495fde59,Mi-tps CS,30082,0-0,3.53
49129261495fde59,Mi-tps CS,30082,0-1,17.01
49129261495fde59,Mi-tps CS,30082,0-2,100.0
49129261495fde59,Mi-tps CS,30082,0-3,100.0
49129261495fde59,Mi-tps CS,30082,1-0,4.07
49129261495fde59,Mi-tps CS,30082,1-1,8.72
49129261495fde59,Mi-tps CS,30082,1-2,77.19
49129261495fde59,Mi-tps CS,30082,2-0,4.52
49129261495fde59,Mi-tps CS,30082,2-1,14.51
49129261495fde59,Mi-tps CS,30082,3-0,7.51
49129261495fde59,+/-,30087,> 0.5,0.99
49129261495fde59,+/-,30087,< 0.5,20.81
49129261495fde59,+/-,30087,> 1.5,1.11
49129261495fde59,+/-,30087,< 1.5,6.32
49129261495fde59,+/-,30087,> 2.5,1.44
49129261495fde59,+/-,30087,< 2.5,2.74
49129261495fde59,+/-,30087,> 3.5,2.35
49129261495fde59,+/-,30087,< 3.5,1.58
49129261495fde59,HT/FT,30089,1/1,1.6
49129261495fde59,HT/FT,30089,1/X,42.44
49129261495fde59,HT/FT,30089,1/2,100.0
49129261495fde59,HT/FT,30089,X/1,4.12
49129261495fde59,HT/FT,30089,X/X,8.83
49129261495fde59,HT/FT,30089,X/2,31.67
49129261495fde59,HT/FT,30089,2/1,36.66
49129261495fde59,HT/FT,30089,2/X,49.43
49129261495fde59,HT/FT,30089,2/2,30.15
49129261495fde59,Total de buts,30090,0,19.7
49129261495fde59,Total de buts,30090,1,8.59
49129261495fde59,Total de buts,30090,2,4.58
49129261495fde59,Total de buts,30090,3,3.52
49129261495fde59,Total de buts,30090,4,4.24
49129261495fde59,Total de buts,30090,5,6.31
49129261495fde59,Total de buts,30090,6,17.81
49129261495fde59,G/NG,30091,Oui,2.29
49129261495fde59,G/NG,30091,Non,1.61
49129261495fde59,Les deux équipes marquent / 1ère mi temps,30092,Oui,5.52
49129261495fde59,Les deux équipes marquent / 1ère mi temps,30092,Non,1.14
49129261495fde59,1X2 & Total,30093,1 / > 1.5,1.27
49129261495fde59,1X2 & Total,30093,X / > 1.5,9.58
49129261495fde59,1X2 & Total,30093,2 / > 1.5,22.82
49129261495fde59,1X2 & Total,30093,1 / < 1.5,11.11
49129261495fde59,1X2 & Total,30093,X / < 1.5,20.05
49129261495fde59,1X2 & Total,30093,2 / < 1.5,41.26
49129261495fde59,1X2 & Total,30093,1 / > 2.5,1.53
49129261495fde59,1X2 & Total,30093,X / > 2.5,30.18
49129261495fde59,1X2 & Total,30093,2 / > 2.5,27.78
49129261495fde59,1X2 & Total,30093,1 / < 2.5,4.44
49129261495fde59,1X2 & Total,30093,X / < 2.5,8.26
49129261495fde59,1X2 & Total,30093,2 / < 2.5,31.18
49129261495fde59,1X2 & Total,30093,1 / > 3.5,2.51
49129261495fde59,1X2 & Total,30093,X / > 3.5,30.18
49129261495fde59,1X2 & Total,30093,2 / > 3.5,88.93
49129261495fde59,1X2 & Total,30093,1 / < 3.5,2.08
49129261495fde59,1X2 & Total,30093,X / < 3.5,8.26
49129261495fde59,1X2 & Total,30093,2 / < 3.5,17.6
49129261495fde59,1X2 & G/NG,30094,1 gagne et les deux équipes marquent,3.12
49129261495fde59,1X2 & G/NG,30094,1 gagne et seulement  1  marque,1.75
49129261495fde59,1X2 & G/NG,30094,X et les deux équipes marquent,9.41
49129261495fde59,1X2 & G/NG,30094,X et aucun but,19.7
49129261495fde59,1X2 & G/NG,30094,2 gagne et les deux équipes marquent,29.02
49129261495fde59,1X2 & G/NG,30094,2 gagne et seulement 2 marque,28.71
49129261495fde59,Total equipe domicile,30095,> 0.5,1.02
49129261495fde59,Total equipe domicile,30095,< 0.5,12.34
49129261495fde59,Total equipe domicile,30095,> 1.5,1.26
49129261495fde59,Total equipe domicile,30095,< 1.5,3.79
49129261495fde59,Total equipe domicile,30095,> 2.5,1.88
49129261495fde59,Total equipe domicile,30095,< 2.5,1.9
49129261495fde59,Total equipe domicile,30095,> 3.5,3.71
49129261495fde59,Total equipe domicile,30095,< 3.5,1.27
49129261495fde59,Total equipe extérieur,30096,> 0.5,2.13
49129261495fde59,Total equipe extérieur,30096,< 0.5,1.69
49129261495fde59,Total equipe extérieur,30096,> 1.5,9.23
49129261495fde59,Total equipe extérieur,30096,< 1.5,1.05
49129261495fde59,Total equipe extérieur,30096,> 2.5,66.32
49129261495fde59,Total equipe extérieur,30096,< 2.5,0.96
49129261495fde59,Total equipe extérieur,30096,> 3.5,100.0
49129261495fde59,Total equipe extérieur,30096,< 3.5,0.94
49129261495fde59,G/NG equipe domicile,30097,Oui,1.02
49129261495fde59,G/NG equipe domicile,30097,Non,12.34
49129261495fde59,G/NG equipe extérieur,30098,Oui,2.13
49129261495fde59,G/NG equipe extérieur,30098,Non,1.69
49129261495fde59,Pair/Impair,30099,Impair,1.86
49129261495fde59,Pair/Impair,30099,Pair,1.85
49129261495fde59,Minute du premier but,30100,1-15,4.2
49129261495fde59,Minute du premier but,30100,16-30,2.83
49129261495fde59,Minute du premier but,30100,31-45,4.91
49129261495fde59,Minute du premier but,30100,46-60,7.47
49129261495fde59,Minute du premier but,30100,61-75,13.22
49129261495fde59,Minute du premier but,30100,76-90,15.38
49129261495fde59,Minute du premier but,30100,Pas de but,19.7
49129261495fde59,FTTS,30101,1,1.26
49129261495fde59,FTTS,30101,2,3.67
49129261495fde59,FTTS,30101,Pas de but,19.7
49129261495fde59,Multi-Buts,30102,"Le total de buts est de 0, 1 ou 2",2.64
49129261495fde59,Multi-Buts,30102,"Le total de buts est de 1, 2 ou 3",1.65
49129261495fde59,Multi-Buts,30102,"Le total de buts est de 2, 3 ou 4",1.38
49129261495fde59,Multi-Buts,30102,Le total de buts est supérieur à 4,4.75
49129261495fde59,2ème mi-tps - CS,30105,0-0,4.73
49129261495fde59,2ème mi-tps - CS,30105,0-1,16.97
49129261495fde59,2ème mi-tps - CS,30105,0-2,73.75
49129261495fde59,2ème mi-tps - CS,30105,0-3,100.0
49129261495fde59,2ème mi-tps - CS,30105,1-0,5.03
49129261495fde59,2ème mi-tps - CS,30105,1-1,8.03
49129261495fde59,2ème mi-tps - CS,30105,1-2,52.36
49129261495fde59,2ème mi-tps - CS,30105,2-0,4.24
49129261495fde59,2ème mi-tps - CS,30105,2-1,10.14
49129261495fde59,2ème mi-tps - CS,30105,3-0,5.35
4aca1dcbe8cca530,1X2,30083,1,1.16
4aca1dcbe8cca530,1X2,30083,X,7.01
4aca1dcbe8cca530,1X2,30083,2,17.62
4aca1dcbe8cca530,Mi-tps 1X2,30084,1,1.55
4aca1dcbe8cca530,Mi-tps 1X2,30084,X,2.74
4aca1dcbe8cca530,Mi-tps 1X2,30084,2,14.14
4aca1dcbe8cca530,Double Chance,30085,1X,0.98
4aca1dcbe8cca530,Double Chance,30085,X2,4.92
4aca1dcbe8cca530,Double Chance,30085,12,1.07
4aca1dcbe8cca530,Mi-tps DC,30086,1X,0.99
4aca1dcbe8cca530,Mi-tps DC,30086,X2,2.29
4aca1dcbe8cca530,Mi-tps DC,30086,12,1.4
4aca1dcbe8cca530,Score exact,30081,0-0,18.77
4aca1dcbe8cca530,Score exact,30081,0-1,42.97
4aca1dcbe8cca530,Score exact,30081,0-2,100.0
4aca1dcbe8cca530,Score exact,30081,0-3,100.0
4aca1dcbe8cca530,Score exact,30081,0-4,100.0
4aca1dcbe8cca530,Score exact,30081,0-5,100.0
4aca1dcbe8cca530,Score exact,30081,0-6,100.0
4aca1dcbe8cca530,Score exact,30081,1-0,10.33
4aca1dcbe8cca530,Score exact,30081,1-1,14.54
4aca1dcbe8cca530,Score exact,30081,1-2,50.4
4aca1dcbe8cca530,Score exact,30081,1-3,100.0
4aca1dcbe8cca530,Score exact,30081,1-4,100.0
4aca1dcbe8cca530,Score exact,30081,1-5,100.0
4aca1dcbe8cca530,Score exact,30081,2-0,6.88
4aca1dcbe8cca530,Score exact,30081,2-1,10.13
4aca1dcbe8cca530,Score exact,30081,2-2,37.43
4aca1dcbe8cca530,Score exact,30081,2-3,100.0
4aca1dcbe8cca530,Score exact,30081,2-4,100.0
4aca1dcbe8cca530,Score exact,30081,3-0,6.12
4aca1dcbe8cca530,Score exact,30081,3-1,11.1
4aca1dcbe8cca530,Score exact,30081,3-2,44.35
4aca1dcbe8cca530,Score exact,30081,3-3,100.0
4aca1dcbe8cca530,Score exact,30081,4-0,8.94
4aca1dcbe8cca530,Score exact,30081,4-1,16.14
4aca1dcbe8cca530,Score exact,30081,4-2,100.0
4aca1dcbe8cca530,Score exact,30081,5-0,15.19
4aca1dcbe8cca530,Score exact,30081,5-1,46.95
4aca1dcbe8cca530,Score exact,30081,6-0,44.17
4aca1dcbe8cca530,Mi-tps CS,30082,0-0,3.55
4aca1dcbe8cca530,Mi-tps CS,30082,0-1,18.36
4aca1dcbe8cca530,Mi-tps CS,30082,0-2,100.0
4aca1dcbe8cca530,Mi-tps CS,30082,0-3,100.0
4aca1dcbe8cca530,Mi-tps CS,30082,1-0,4.04
4aca1dcbe8cca530,Mi-tps CS,30082,1-1,9.29
4aca1dcbe8cca530,Mi-tps CS,30082,1-2,88.28
4aca1dcbe8cca530,Mi-tps CS,30082,2-0,4.36
4aca1dcbe8cca530,Mi-tps CS,30082,2-1,15.01
4aca1dcbe8cca530,Mi-tps CS,30082,3-0,7.04
4aca1dcbe8cca530,+/-,30087,> 0.5,0.99
4aca1dcbe8cca530,+/-,30087,< 0.5,19.83
4aca1dcbe8cca530,+/-,30087,> 1.5,1.12
4aca1dcbe8cca530,+/-,30087,< 1.5,6.1
4aca1dcbe8cca530,+/-,30087,> 2.5,1.46
4aca1dcbe8cca530,+/-,30087,< 2.5,2.68
4aca1dcbe8cca530,+/-,30087,> 3.5,2.39
4aca1dcbe8cca530,+/-,30087,< 3.5,1.56
4aca1dcbe8cca530,HT/FT,30089,1/1,1.55
4aca1dcbe8cca530,HT/FT,30089,1/X,48.05
4aca1dcbe8cca530,HT/FT,30089,1/2,100.0
4aca1dcbe8cca530,HT/FT,30089,X/1,4.16
4aca1dcbe8cca530,HT/FT,30089,X/X,8.97
4aca1dcbe8cca530,HT/FT,30089,X/2,37.01
4aca1dcbe8cca530,HT/FT,30089,2/1,39.37
4aca1dcbe8cca530,HT/FT,30089,2/X,53.95
4aca1dcbe8cca530,HT/FT,30089,2/2,34.04
4aca1dcbe8cca530,Total de buts,30090,0,18.77
4aca1dcbe8cca530,Total de buts,30090,1,8.33
4aca1dcbe8cca530,Total de buts,30090,2,4.53
4aca1dcbe8cca530,Total de buts,30090,3,3.53
4aca1dcbe8cca530,Total de buts,30090,4,4.3
4aca1dcbe8cca530,Total de buts,30090,5,6.45
4aca1dcbe8cca530,Total de buts,30090,6,18.2
4aca1dcbe8cca530,G/NG,30091,Oui,2.46
4aca1dcbe8cca530,G/NG,30091,Non,1.53
4aca1dcbe8cca530,Les deux équipes marquent / 1ère mi temps,30092,Oui,5.84
4aca1dcbe8cca530,Les deux équipes marquent / 1ère mi temps,30092,Non,1.12
4aca1dcbe8cca530,1X2 & Total,30093,1 / > 1.5,1.25
4aca1dcbe8cca530,1X2 & Total,30093,X / > 1.5,10.44
4aca1dcbe8cca530,1X2 & Total,30093,2 / > 1.5,27.76
4aca1dcbe8cca530,1X2 & Total,30093,1 / < 1.5,10.52
4aca1dcbe8cca530,1X2 & Total,30093,X / < 1.5,19.11
4aca1dcbe8cca530,1X2 & Total,30093,2 / < 1.5,43.75
4aca1dcbe8cca530,1X2 & Total,30093,1 / > 2.5,1.53
4aca1dcbe8cca530,1X2 & Total,30093,X / > 2.5,35.41
4aca1dcbe8cca530,1X2 & Total,30093,2 / > 2.5,33.99
4aca1dcbe8cca530,1X2 & Total,30093,1 / < 2.5,4.21
4aca1dcbe8cca530,1X2 & Total,30093,X / < 2.5,8.34
4aca1dcbe8cca530,1X2 & Total,30093,2 / < 2.5,33.94
4aca1dcbe8cca530,1X2 & Total,30093,1 / > 3.5,2.51
4aca1dcbe8cca530,1X2 & Total,30093,X / > 3.5,35.41
4aca1dcbe8cca530,1X2 & Total,30093,2 / > 3.5,100.0
4aca1dcbe8cca530,1X2 & Total,30093,1 / < 3.5,2.02
4aca1dcbe8cca530,1X2 & Total,30093,X / < 3.5,8.34
4aca1dcbe8cca530,1X2 & Total,30093,2 / < 3.5,19.87
4aca1dcbe8cca530,1X2 & G/NG,30094,1 gagne et les deux équipes marquent,3.3
4aca1dcbe8cca530,1X2 & G/NG,30094,1 gagne et seulement  1  marque,1.65
4aca1dcbe8cca530,1X2 & G/NG,30094,X et les deux équipes marquent,10.25
4aca1dcbe8cca530,1X2 & G/NG,30094,X et aucun but,18.77
4aca1dcbe8cca530,1X2 & G/NG,30094,2 gagne et les deux équipes marquent,35.29
4aca1dcbe8cca530,1X2 & G/NG,30094,2 gagne et seulement 2 marque,31.63
4aca1dcbe8cca530,Total equipe domicile,30095,> 0.5,1.02
4aca1dcbe8cca530,Total equipe domicile,30095,< 0.5,12.45
4aca1dcbe8cca530,Total equipe domicile,30095,> 1.5,1.25
4aca1dcbe8cca530,Total equipe domicile,30095,< 1.5,3.85
4aca1dcbe8cca530,Total equipe domicile,30095,> 2.5,1.85
4aca1dcbe8cca530,Total equipe domicile,30095,< 2.5,1.92
4aca1dcbe8cca530,Total equipe domicile,30095,> 3.5,3.61
4aca1dcbe8cca530,Total equipe domicile,30095,< 3.5,1.28
4aca1dcbe8cca530,Total equipe extérieur,30096,> 0.5,2.29
4aca1dcbe8cca530,Total equipe extérieur,30096,< 0.5,1.6
4aca1dcbe8cca530,Total equipe extérieur,30096,> 1.5,10.93
4aca1dcbe8cca530,Total equipe extérieur,30096,< 1.5,1.03
4aca1dcbe8cca530,Total equipe extérieur,30096,> 2.5,86.96
4aca1dcbe8cca530,Total equipe extérieur,30096,< 2.5,0.95
4aca1dcbe8cca530,Total equipe extérieur,30096,> 3.5,100.0
4aca1dcbe8cca530,Total equipe extérieur,30096,< 3.5,0.94
4aca1dcbe8cca530,G/NG equipe domicile,30097,Oui,1.02
4aca1dcbe8cca530,G/NG equipe domicile,30097,Non,12.45
4aca1dcbe8cca530,G/NG equipe extérieur,30098,Oui,2.29
4aca1dcbe8cca530,G/NG equipe extérieur,30098,Non,1.6
4aca1dcbe8cca530,Pair/Impair,30099,Impair,1.86
4aca1dcbe8cca530,Pair/Impair,30099,Pair,1.85
4aca1dcbe8cca530,Minute du premier but,30100,1-15,4.22
4aca1dcbe8cca530,Minute du premier but,30100,16-30,2.84
4aca1dcbe8cca530,Minute du premier but,30100,31-45,4.9
4aca1dcbe8cca530,Minute du premier but,30100,46-60,7.58
4aca1dcbe8cca530,Minute du premier but,30100,61-75,13.21
4aca1dcbe8cca530,Minute du premier but,30100,76-90,15.16
4aca1dcbe8cca530,Minute du premier but,30100,Pas de but,18.77
4aca1dcbe8cca530,FTTS,30101,1,1.23
4aca1dcbe8cca530,FTTS,30101,2,3.91
4aca1dcbe8cca530,FTTS,30101,Pas de but,18.77
4aca1dcbe8cca530,Multi-Buts,30102,"Le total de buts est de 0, 1 ou 2",2.58
4aca1dcbe8cca530,Multi-Buts,30102,"Le total de buts est de 1, 2 ou 3",1.63
4aca1dcbe8cca530,Multi-Buts,30102,"Le total de buts est de 2, 3 ou 4",1.38
4aca1dcbe8cca530,Multi-Buts,30102,Le total de buts est supérieur à 4,4.85
4aca1dcbe8cca530,2ème mi-tps - CS,30105,0-0,4.47
4aca1dcbe8cca530,2ème mi-tps - CS,30105,0-1,18.39
4aca1dcbe8cca530,2ème mi-tps - CS,30105,0-2,92.01
4aca1dcbe8cca530,2ème mi-tps - CS,30105,0-3,100.0
4aca1dcbe8cca530,2ème mi-tps - CS,30105,1-0,4.77
4aca1dcbe8cca530,2ème mi-tps - CS,30105,1-1,8.72
4aca1dcbe8cca530,2ème mi-tps - CS,30105,1-2,65.42
4aca1dcbe8cca530,2ème mi-tps - CS,30105,2-0,4.11
4aca1dcbe8cca530,2ème mi-tps - CS,30105,2-1,11.27
4aca1dcbe8cca530,2ème mi-tps - CS,30105,3-0,5.31
7e4a03d9b1f17643,1X2,30083,1,4.66
7e4a03d9b1f17643,1X2,30083,X,3.64
7e4a03d9b1f17643,1X2,30083,2,1.75
7e4a03d9b1f17643,Mi-tps 1X2,30084,1,5.55
7e4a03d9b1f17643,Mi-tps 1X2,30084,X,1.94
7e4a03d9b1f17643,Mi-tps 1X2,30084,2,2.6
7e4a03d9b1f17643,Double Chance,30085,1X,2.0
7e4a03d9b1f17643,Double Chance,30085,X2,1.16
7e4a03d9b1f17643,Double Chance,30085,12,1.25
7e4a03d9b1f17643,Mi-tps DC,30086,1X,1.44
7e4a03d9b1f17643,Mi-tps DC,30086,X2,1.11
7e4a03d9b1f17643,Mi-tps DC,30086,12,1.77
7e4a03d9b1f17643,Score exact,30081,0-0,11.5
7e4a03d9b1f17643,Score exact,30081,0-1,8.82
7e4a03d9b1f17643,Score exact,30081,0-2,9.44
7e4a03d9b1f17643,Score exact,30081,0-3,13.74
7e4a03d9b1f17643,Score exact,30081,0-4,32.92
7e4a03d9b1f17643,Score exact,30081,0-5,100.0
7e4a03d9b1f17643,Score exact,30081,0-6,100.0
7e4a03d9b1f17643,Score exact,30081,1-0,15.38
7e4a03d9b1f17643,Score exact,30081,1-1,7.2
7e4a03d9b1f17643,Score exact,30081,1-2,7.89
7e4a03d9b1f17643,Score exact,30081,1-3,14.16
7e4a03d9b1f17643,Score exact,30081,1-4,35.36
7e4a03d9b1f17643,Score exact,30081,1-5,100.0
7e4a03d9b1f17643,Score exact,30081,2-0,30.46
7e4a03d9b1f17643,Score exact,30081,2-1,14.42
7e4a03d9b1f17643,Score exact,30081,2-2,16.66
7e4a03d9b1f17643,Score exact,30081,2-3,32.87
7e4a03d9b1f17643,Score exact,30081,2-4,100.0
7e4a03d9b1f17643,Score exact,30081,3-0,82.76
7e4a03d9b1f17643,Score exact,30081,3-1,47.55
7e4a03d9b1f17643,Score exact,30081,3-2,61.09
7e4a03d9b1f17643,Score exact,30081,3-3,100.0
7e4a03d9b1f17643,Score exact,30081,4-0,100.0
7e4a03d9b1f17643,Score exact,30081,4-1,100.0
7e4a03d9b1f17643,Score exact,30081,4-2,100.0
7e4a03d9b1f17643,Score exact,30081,5-0,100.0
7e4a03d9b1f17643,Score exact,30081,5-1,100.0
7e4a03d9b1f17643,Score exact,30081,6-0,100.0
7e4a03d9b1f17643,Mi-tps CS,30082,0-0,2.55
7e4a03d9b1f17643,Mi-tps CS,30082,0-1,4.59
7e4a03d9b1f17643,Mi-tps CS,30082,0-2,9.41
7e4a03d9b1f17643,Mi-tps CS,30082,0-3,28.93
7e4a03d9b1f17643,Mi-tps CS,30082,1-0,8.0
7e4a03d9b1f17643,Mi-tps CS,30082,1-1,6.39
7e4a03d9b1f17643,Mi-tps CS,30082,1-2,19.66
7e4a03d9b1f17643,Mi-tps CS,30082,2-0,30.16
7e4a03d9b1f17643,Mi-tps CS,30082,2-1,36.16
7e4a03d9b1f17643,Mi-tps CS,30082,3-0,100.0
7e4a03d9b1f17643,+/-,30087,> 0.5,1.02
7e4a03d9b1f17643,+/-,30087,< 0.5,12.15
7e4a03d9b1f17643,+/-,30087,> 1.5,1.24
7e4a03d9b1f17643,+/-,30087,< 1.5,3.98
7e4a03d9b1f17643,+/-,30087,> 2.5,1.83
7e4a03d9b1f17643,+/-,30087,< 2.5,1.95
7e4a03d9b1f17643,+/-,30087,> 3.5,3.57
7e4a03d9b1f17643,+/-,30087,< 3.5,1.28
7e4a03d9b1f17643,HT/FT,30089,1/1,8.53
7e4a03d9b1f17643,HT/FT,30089,1/X,24.31
7e4a03d9b1f17643,HT/FT,30089,1/2,35.31
7e4a03d9b1f17643,HT/FT,30089,X/1,10.3
7e4a03d9b1f17643,HT/FT,30089,X/X,4.77
7e4a03d9b1f17643,HT/FT,30089,X/2,4.39
7e4a03d9b1f17643,HT/FT,30089,2/1,80.2
7e4a03d9b1f17643,HT/FT,30089,2/X,25.0
7e4a03d9b1f17643,HT/FT,30089,2/2,2.89
7e4a03d9b1f17643,Total de buts,30090,0,11.5
7e4a03d9b1f17643,Total de buts,30090,1,5.61
7e4a03d9b1f17643,Total de buts,30090,2,3.6
7e4a03d9b1f17643,Total de buts,30090,3,3.56
7e4a03d9b1f17643,Total de buts,30090,4,5.41
7e4a03d9b1f17643,Total de buts,30090,5,11.11
7e4a03d9b1f17643,Total de buts,30090,6,47.05
7e4a03d9b1f17643,G/NG,30091,Oui,1.8
7e4a03d9b1f17643,G/NG,30091,Non,1.98
7e4a03d9b1f17643,Les deux équipes marquent / 1ère mi temps,30092,Oui,4.62
7e4a03d9b1f17643,Les deux équipes marquent / 1ère mi temps,30092,Non,1.19
7e4a03d9b1f17643,1X2 & Total,30093,1 / > 1.5,6.29
7e4a03d9b1f17643,1X2 & Total,30093,X / > 1.5,5.0
7e4a03d9b1f17643,1X2 & Total,30093,2 / > 1.5,2.08
7e4a03d9b1f17643,1X2 & Total,30093,1 / < 1.5,15.66
7e4a03d9b1f17643,1X2 & Total,30093,X / < 1.5,11.71
7e4a03d9b1f17643,1X2 & Total,30093,2 / < 1.5,8.98
7e4a03d9b1f17643,1X2 & Total,30093,1 / > 2.5,7.89
7e4a03d9b1f17643,1X2 & Total,30093,X / > 2.5,15.74
7e4a03d9b1f17643,1X2 & Total,30093,2 / > 2.5,2.66
7e4a03d9b1f17643,1X2 & Total,30093,1 / < 2.5,10.41
7e4a03d9b1f17643,1X2 & Total,30093,X / < 2.5,4.51
7e4a03d9b1f17643,1X2 & Total,30093,2 / < 2.5,4.64
7e4a03d9b1f17643,1X2 & Total,30093,1 / > 3.5,21.39
7e4a03d9b1f17643,1X2 & Total,30093,X / > 3.5,15.74
7e4a03d9b1f17643,1X2 & Total,30093,2 / > 3.5,5.54
7e4a03d9b1f17643,1X2 & Total,30093,1 / < 3.5,5.68
7e4a03d9b1f17643,1X2 & Total,30093,X / < 3.5,4.51
7e4a03d9b1f17643,1X2 & Total,30093,2 / < 3.5,2.43
7e4a03d9b1f17643,1X2 & G/NG,30094,1 gagne et les deux équipes marquent,8.8
7e4a03d9b1f17643,1X2 & G/NG,30094,1 gagne et seulement  1  marque,8.83
7e4a03d9b1f17643,1X2 & G/NG,30094,X et les deux équipes marquent,4.91
7e4a03d9b1f17643,1X2 & G/NG,30094,X et aucun but,11.5
7e4a03d9b1f17643,1X2 & G/NG,30094,2 gagne et les deux équipes marquent,3.73
7e4a03d9b1f17643,1X2 & G/NG,30094,2 gagne et seulement 2 marque,2.99
7e4a03d9b1f17643,Total equipe domicile,30095,> 0.5,1.51
7e4a03d9b1f17643,Total equipe domicile,30095,< 0.5,2.51
7e4a03d9b1f17643,Total equipe domicile,30095,> 1.5,4.01
7e4a03d9b1f17643,Total equipe domicile,30095,< 1.5,1.23
7e4a03d9b1f17643,Total equipe domicile,30095,> 2.5,16.41
7e4a03d9b1f17643,Total equipe domicile,30095,< 2.5,1.0
7e4a03d9b1f17643,Total equipe domicile,30095,> 3.5,100.0
7e4a03d9b1f17643,Total equipe domicile,30095,< 3.5,0.95
7e4a03d9b1f17643,Total equipe extérieur,30096,> 0.5,1.15
7e4a03d9b1f17643,Total equipe extérieur,30096,< 0.5,5.28
7e4a03d9b1f17643,Total equipe extérieur,30096,> 1.5,1.85
7e4a03d9b1f17643,Total equipe extérieur,30096,< 1.5,1.93
7e4a03d9b1f17643,Total equipe extérieur,30096,> 2.5,4.04
7e4a03d9b1f17643,Total equipe extérieur,30096,< 2.5,1.23
7e4a03d9b1f17643,Total equipe extérieur,30096,> 3.5,12.77
7e4a03d9b1f17643,Total equipe extérieur,30096,< 3.5,1.02
7e4a03d9b1f17643,G/NG equipe domicile,30097,Oui,1.51
7e4a03d9b1f17643,G/NG equipe domicile,30097,Non,2.51
7e4a03d9b1f17643,G/NG equipe extérieur,30098,Oui,1.15
7e4a03d9b1f17643,G/NG equipe extérieur,30098,Non,5.28
7e4a03d9b1f17643,Pair/Impair,30099,Impair,1.89
7e4a03d9b1f17643,Pair/Impair,30099,Pair,1.82
7e4a03d9b1f17643,Minute du premier but,30100,1-15,4.63
7e4a03d9b1f17643,Minute du premier but,30100,16-30,3.07
7e4a03d9b1f17643,Minute du premier but,30100,31-45,5.12
7e4a03d9b1f17643,Minute du premier but,30100,46-60,6.84
7e4a03d9b1f17643,Minute du premier but,30100,61-75,12.29
7e4a03d9b1f17643,Minute du premier but,30100,76-90,14.47
7e4a03d9b1f17643,Minute du premier but,30100,Pas de but,11.5
7e4a03d9b1f17643,FTTS,30101,1,2.41
7e4a03d9b1f17643,FTTS,30101,2,1.62
7e4a03d9b1f17643,FTTS,30101,Pas de but,11.5
7e4a03d9b1f17643,Multi-Buts,30102,"Le total de buts est de 0, 1 ou 2",1.88
7e4a03d9b1f17643,Multi-Buts,30102,"Le total de buts est de 1, 2 ou 3",1.38
7e4a03d9b1f17643,Multi-Buts,30102,"Le total de buts est de 2, 3 ou 4",1.37
7e4a03d9b1f17643,Multi-Buts,30102,Le total de buts est supérieur à 4,9.15
7e4a03d9b1f17643,2ème mi-tps - CS,30105,0-0,3.82
7e4a03d9b1f17643,2ème mi-tps - CS,30105,0-1,5.1
7e4a03d9b1f17643,2ème mi-tps - CS,30105,0-2,7.2
7e4a03d9b1f17643,2ème mi-tps - CS,30105,0-3,15.22
7e4a03d9b1f17643,2ème mi-tps - CS,30105,1-0,8.9
7e4a03d9b1f17643,2ème mi-tps - CS,30105,1-1,5.29
7e4a03d9b1f17643,2ème mi-tps - CS,30105,1-2,11.18
7e4a03d9b1f17643,2ème mi-tps - CS,30105,2-0,24.45
7e4a03d9b1f17643,2ème mi-tps - CS,30105,2-1,21.78
7e4a03d9b1f17643,2ème mi-tps - CS,30105,3-0,100.0
93f615e3d9aa13f9,1X2,30083,1,2.56
93f615e3d9aa13f9,1X2,30083,X,3.2
93f615e3d9aa13f9,1X2,30083,2,2.81
93f615e3d9aa13f9,Mi-tps 1X2,30084,1,3.7
93f615e3d9aa13f9,Mi-tps 1X2,30084,X,1.82
93f615e3d9aa13f9,Mi-tps 1X2,30084,2,3.83
93f615e3d9aa13f9,Double Chance,30085,1X,1.39
93f615e3d9aa13f9,Double Chance,30085,X2,1.47
93f615e3d9aa13f9,Double Chance,30085,12,1.31
93f615e3d9aa13f9,Mi-tps DC,30086,1X,1.22
93f615e3d9aa13f9,Mi-tps DC,30086,X2,1.23
93f615e3d9aa13f9,Mi-tps DC,30086,12,1.88
93f615e3d9aa13f9,Score exact,30081,0-0,9.63
93f615e3d9aa13f9,Score exact,30081,0-1,10.27
93f615e3d9aa13f9,Score exact,30081,0-2,15.98
93f615e3d9aa13f9,Score exact,30081,0-3,34.04
93f615e3d9aa13f9,Score exact,30081,0-4,100.0
93f615e3d9aa13f9,Score exact,30081,0-5,100.0
93f615e3d9aa13f9,Score exact,30081,0-6,100.0
93f615e3d9aa13f9,Score exact,30081,1-0,9.72
93f615e3d9aa13f9,Score exact,30081,1-1,6.32
93f615e3d9aa13f9,Score exact,30081,1-2,9.99
93f615e3d9aa13f9,Score exact,30081,1-3,25.94
93f615e3d9aa13f9,Score exact,30081,1-4,94.92
93f615e3d9aa13f9,Score exact,30081,1-5,100.0
93f615e3d9aa13f9,Score exact,30081,2-0,14.22
93f615e3d9aa13f9,Score exact,30081,2-1,9.41
93f615e3d9aa13f9,Score exact,30081,2-2,15.62
93f615e3d9aa13f9,Score exact,30081,2-3,44.93
93f615e3d9aa13f9,Score exact,30081,2-4,100.0
93f615e3d9aa13f9,Score exact,30081,3-0,28.43
93f615e3d9aa13f9,Score exact,30081,3-1,23.12
93f615e3d9aa13f9,Score exact,30081,3-2,42.39
93f615e3d9aa13f9,Score exact,30081,3-3,100.0
93f615e3d9aa13f9,Score exact,30081,4-0,93.33
93f615e3d9aa13f9,Score exact,30081,4-1,79.93
93f615e3d9aa13f9,Score exact,30081,4-2,100.0
93f615e3d9aa13f9,Score exact,30081,5-0,100.0
93f615e3d9aa13f9,Score exact,30081,5-1,100.0
93f615e3d9aa13f9,Score exact,30081,6-0,100.0
93f615e3d9aa13f9,Mi-tps CS,30082,0-0,2.35
93f615e3d9aa13f9,Mi-tps CS,30082,0-1,5.85
93f615e3d9aa13f9,Mi-tps CS,30082,0-2,17.24
93f615e3d9aa13f9,Mi-tps CS,30082,0-3,76.23
93f615e3d9aa13f9,Mi-tps CS,30082,1-0,5.7
93f615e3d9aa13f9,Mi-tps CS,30082,1-1,6.31
93f615e3d9aa13f9,Mi-tps CS,30082,1-2,27.9
93f615e3d9aa13f9,Mi-tps CS,30082,2-0,16.36
93f615e3d9aa13f9,Mi-tps CS,30082,2-1,27.15
93f615e3d9aa13f9,Mi-tps CS,30082,3-0,70.39
93f615e3d9aa13f9,+/-,30087,> 0.5,1.04
93f615e3d9aa13f9,+/-,30087,< 0.5,10.18
93f615e3d9aa13f9,+/-,30087,> 1.5,1.29
93f615e3d9aa13f9,+/-,30087,< 1.5,3.48
93f615e3d9aa13f9,+/-,30087,> 2.5,2.01
93f615e3d9aa13f9,+/-,30087,< 2.5,1.78
93f615e3d9aa13f9,+/-,30087,> 3.5,4.16
93f615e3d9aa13f9,+/-,30087,< 3.5,1.22
93f615e3d9aa13f9,HT/FT,30089,1/1,4.57
93f615e3d9aa13f9,HT/FT,30089,1/X,23.23
93f615e3d9aa13f9,HT/FT,30089,1/2,54.93
93f615e3d9aa13f9,HT/FT,30089,X/1,5.79
93f615e3d9aa13f9,HT/FT,30089,X/X,4.13
93f615e3d9aa13f9,HT/FT,30089,X/2,6.48
93f615e3d9aa13f9,HT/FT,30089,2/1,46.7
93f615e3d9aa13f9,HT/FT,30089,2/X,21.89
93f615e3d9aa13f9,HT/FT,30089,2/2,4.91
93f615e3d9aa13f9,Total de buts,30090,0,9.63
93f615e3d9aa13f9,Total de buts,30090,1,4.99
93f615e3d9aa13f9,Total de buts,30090,2,3.43
93f615e3d9aa13f9,Total de buts,30090,3,3.69
93f615e3d9aa13f9,Total de buts,30090,4,6.06
93f615e3d9aa13f9,Total de buts,30090,5,13.64
93f615e3d9aa13f9,Total de buts,30090,6,64.62
93f615e3d9aa13f9,G/NG,30091,Oui,1.78
93f615e3d9aa13f9,G/NG,30091,Non,2.01
93f615e3d9aa13f9,Les deux équipes marquent / 1ère mi temps,30092,Oui,4.69
93f615e3d9aa13f9,Les deux équipes marquent / 1ère mi temps,30092,Non,1.18
93f615e3d9aa13f9,1X2 & Total,30093,1 / > 1.5,3.28
93f615e3d9aa13f9,1X2 & Total,30093,X / > 1.5,4.49
93f615e3d9aa13f9,1X2 & Total,30093,2 / > 1.5,3.65
93f615e3d9aa13f9,1X2 & Total,30093,1 / < 1.5,9.9
93f615e3d9aa13f9,1X2 & Total,30093,X / < 1.5,9.81
93f615e3d9aa13f9,1X2 & Total,30093,2 / < 1.5,10.45
93f615e3d9aa13f9,1X2 & Total,30093,1 / > 2.5,4.24
93f615e3d9aa13f9,1X2 & Total,30093,X / > 2.5,14.83
93f615e3d9aa13f9,1X2 & Total,30093,2 / > 2.5,4.71
93f615e3d9aa13f9,1X2 & Total,30093,1 / < 2.5,5.88
93f615e3d9aa13f9,1X2 & Total,30093,X / < 2.5,3.89
93f615e3d9aa13f9,1X2 & Total,30093,2 / < 2.5,6.36
93f615e3d9aa13f9,1X2 & Total,30093,1 / > 3.5,10.34
93f615e3d9aa13f9,1X2 & Total,30093,X / > 3.5,14.83
93f615e3d9aa13f9,1X2 & Total,30093,2 / > 3.5,11.73
93f615e3d9aa13f9,1X2 & Total,30093,1 / < 3.5,3.24
93f615e3d9aa13f9,1X2 & Total,30093,X / < 3.5,3.89
93f615e3d9aa13f9,1X2 & Total,30093,2 / < 3.5,3.52
93f615e3d9aa13f9,1X2 & G/NG,30094,1 gagne et les deux équipes marquent,5.23
93f615e3d9aa13f9,1X2 & G/NG,30094,1 gagne et seulement  1  marque,4.51
93f615e3d9aa13f9,1X2 & G/NG,30094,X et les deux équipes marquent,4.41
93f615e3d9aa13f9,1X2 & G/NG,30094,X et aucun but,9.63
93f615e3d9aa13f9,1X2 & G/NG,30094,2 gagne et les deux équipes marquent,5.67
93f615e3d9aa13f9,1X2 & G/NG,30094,2 gagne et seulement 2 marque,5.0
93f615e3d9aa13f9,Total equipe domicile,30095,> 0.5,1.29
93f615e3d9aa13f9,Total equipe domicile,30095,< 0.5,3.48
93f615e3d9aa13f9,Total equipe domicile,30095,> 1.5,2.61
93f615e3d9aa13f9,Total equipe domicile,30095,< 1.5,1.48
93f615e3d9aa13f9,Total equipe domicile,30095,> 2.5,7.64
93f615e3d9aa13f9,Total equipe domicile,30095,< 2.5,1.08
93f615e3d9aa13f9,Total equipe domicile,30095,> 3.5,33.44
93f615e3d9aa13f9,Total equipe domicile,30095,< 3.5,0.97
93f615e3d9aa13f9,Total equipe extérieur,30096,> 0.5,1.33
93f615e3d9aa13f9,Total equipe extérieur,30096,< 0.5,3.24
93f615e3d9aa13f9,Total equipe extérieur,30096,> 1.5,2.82
93f615e3d9aa13f9,Total equipe extérieur,30096,< 1.5,1.42
93f615e3d9aa13f9,Total equipe extérieur,30096,> 2.5,8.75
93f615e3d9aa13f9,Total equipe extérieur,30096,< 2.5,1.06
93f615e3d9aa13f9,Total equipe extérieur,30096,> 3.5,40.68
93f615e3d9aa13f9,Total equipe extérieur,30096,< 3.5,0.97
93f615e3d9aa13f9,G/NG equipe domicile,30097,Oui,1.29
93f615e3d9aa13f9,G/NG equipe domicile,30097,Non,3.48
93f615e3d9aa13f9,G/NG equipe extérieur,30098,Oui,1.33
93f615e3d9aa13f9,G/NG equipe extérieur,30098,Non,3.24
93f615e3d9aa13f9,Pair/Impair,30099,Impair,1.9
93f615e3d9aa13f9,Pair/Impair,30099,Pair,1.8
93f615e3d9aa13f9,Minute du premier but,30100,1-15,4.86
93f615e3d9aa13f9,Minute du premier but,30100,16-30,3.19
93f615e3d9aa13f9,Minute du premier but,30100,31-45,5.22
93f615e3d9aa13f9,Minute du premier but,30100,46-60,6.69
93f615e3d9aa13f9,Minute du premier but,30100,61-75,11.91
93f615e3d9aa13f9,Minute du premier but,30100,76-90,13.93
93f615e3d9aa13f9,Minute du premier but,30100,Pas de but,9.63
93f615e3d9aa13f9,FTTS,30101,1,1.94
93f615e3d9aa13f9,FTTS,30101,2,2.0
93f615e3d9aa13f9,FTTS,30101,Pas de but,9.63
93f615e3d9aa13f9,Multi-Buts,30102,"Le total de buts est de 0, 1 ou 2",1.71
93f615e3d9aa13f9,Multi-Buts,30102,"Le total de buts est de 1, 2 ou 3",1.34
93f615e3d9aa13f9,Multi-Buts,30102,"Le total de buts est de 2, 3 ou 4",1.4
93f615e3d9aa13f9,Multi-Buts,30102,Le total de buts est supérieur à 4,11.47
93f615e3d9aa13f9,2ème mi-tps - CS,30105,0-0,3.47
93f615e3d9aa13f9,2ème mi-tps - CS,30105,0-1,6.47
93f615e3d9aa13f9,2ème mi-tps - CS,30105,0-2,13.84
93f615e3d9aa13f9,2ème mi-tps - CS,30105,0-3,44.37
93f615e3d9aa13f9,2ème mi-tps - CS,30105,1-0,6.0
93f615e3d9aa13f9,2ème mi-tps - CS,30105,1-1,4.97
93f615e3d9aa13f9,2ème mi-tps - CS,30105,1-2,15.95
93f615e3d9aa13f9,2ème mi-tps - CS,30105,2-0,11.75
93f615e3d9aa13f9,2ème mi-tps - CS,30105,2-1,14.6
93f615e3d9aa13f9,2ème mi-tps - CS,30105,3-0,34.51
d7eb86c5e16a04f5,1X2,30083,1,1.54
d7eb86c5e16a04f5,1X2,30083,X,4.1
d7eb86c5e16a04f5,1X2,30083,2,5.94
d7eb86c5e16a04f5,Mi-tps 1X2,30084,1,2.21
d7eb86c5e16a04f5,Mi-tps 1X2,30084,X,2.08
d7eb86c5e16a04f5,Mi-tps 1X2,30084,2,6.79
d7eb86c5e16a04f5,Double Chance,30085,1X,1.1
d7eb86c5e16a04f5,Double Chance,30085,X2,2.38
d7eb86c5e16a04f5,Double Chance,30085,12,1.2
d7eb86c5e16a04f5,Mi-tps DC,30086,1X,1.07
d7eb86c5e16a04f5,Mi-tps DC,30086,X2,1.59
d7eb86c5e16a04f5,Mi-tps DC,30086,12,1.67
d7eb86c5e16a04f5,Score exact,30081,0-0,13.62
d7eb86c5e16a04f5,Score exact,30081,0-1,19.55
d7eb86c5e16a04f5,Score exact,30081,0-2,41.59
d7eb86c5e16a04f5,Score exact,30081,0-3,100.0
d7eb86c5e16a04f5,Score exact,30081,0-4,100.0
d7eb86c5e16a04f5,Score exact,30081,0-5,100.0
d7eb86c5e16a04f5,Score exact,30081,0-6,100.0
d7eb86c5e16a04f5,Score exact,30081,1-0,9.28
d7eb86c5e16a04f5,Score exact,30081,1-1,8.13
d7eb86c5e16a04f5,Score exact,30081,1-2,17.53
d7eb86c5e16a04f5,Score exact,30081,1-3,62.35
d7eb86c5e16a04f5,Score exact,30081,1-4,100.0
d7eb86c5e16a04f5,Score exact,30081,1-5,100.0
d7eb86c5e16a04f5,Score exact,30081,2-0,8.61
d7eb86c5e16a04f5,Score exact,30081,2-1,7.76
d7eb86c5e16a04f5,Score exact,30081,2-2,17.71
d7eb86c5e16a04f5,Score exact,30081,2-3,70.08
d7eb86c5e16a04f5,Score exact,30081,2-4,100.0
d7eb86c5e16a04f5,Score exact,30081,3-0,10.82
d7eb86c5e16a04f5,Score exact,30081,3-1,12.01
d7eb86c5e16a04f5,Score exact,30081,3-2,30.07
d7eb86c5e16a04f5,Score exact,30081,3-3,100.0
d7eb86c5e16a04f5,Score exact,30081,4-0,22.25
d7eb86c5e16a04f5,Score exact,30081,4-1,25.66
d7eb86c5e16a04f5,Score exact,30081,4-2,100.0
d7eb86c5e16a04f5,Score exact,30081,5-0,57.31
d7eb86c5e16a04f5,Score exact,30081,5-1,100.0
d7eb86c5e16a04f5,Score exact,30081,6-0,100.0
d7eb86c5e16a04f5,Mi-tps CS,30082,0-0,2.78
d7eb86c5e16a04f5,Mi-tps CS,30082,0-1,9.63
d7eb86c5e16a04f5,Mi-tps CS,30082,0-2,40.31
d7eb86c5e16a04f5,Mi-tps CS,30082,0-3,100.0
d7eb86c5e16a04f5,Mi-tps CS,30082,1-0,4.29
d7eb86c5e16a04f5,Mi-tps CS,30082,1-1,6.61
d7eb86c5e16a04f5,Mi-tps CS,30082,1-2,41.49
d7eb86c5e16a04f5,Mi-tps CS,30082,2-0,7.32
d7eb86c5e16a04f5,Mi-tps CS,30082,2-1,16.91
d7eb86c5e16a04f5,Mi-tps CS,30082,3-0,18.76
d7eb86c5e16a04f5,+/-,30087,> 0.5,1.01
d7eb86c5e16a04f5,+/-,30087,< 0.5,14.39
d7eb86c5e16a04f5,+/-,30087,> 1.5,1.19
d7eb86c5e16a04f5,+/-,30087,< 1.5,4.55
d7eb86c5e16a04f5,+/-,30087,> 2.5,1.69
d7eb86c5e16a04f5,+/-,30087,< 2.5,2.13
d7eb86c5e16a04f5,+/-,30087,> 3.5,3.13
d7eb86c5e16a04f5,+/-,30087,< 3.5,1.35
d7eb86c5e16a04f5,HT/FT,30089,1/1,2.38
d7eb86c5e16a04f5,HT/FT,30089,1/X,25.69
d7eb86c5e16a04f5,HT/FT,30089,1/2,89.13
d7eb86c5e16a04f5,HT/FT,30089,X/1,4.23
d7eb86c5e16a04f5,HT/FT,30089,X/X,5.47
d7eb86c5e16a04f5,HT/FT,30089,X/2,12.71
d7eb86c5e16a04f5,HT/FT,30089,2/1,34.64
d7eb86c5e16a04f5,HT/FT,30089,2/X,27.91
d7eb86c5e16a04f5,HT/FT,30089,2/2,11.37
d7eb86c5e16a04f5,Total de buts,30090,0,13.62
d7eb86c5e16a04f5,Total de buts,30090,1,6.29
d7eb86c5e16a04f5,Total de buts,30090,2,3.8
d7eb86c5e16a04f5,Total de buts,30090,3,3.49
d7eb86c5e16a04f5,Total de buts,30090,4,4.94
d7eb86c5e16a04f5,Total de buts,30090,5,9.31
d7eb86c5e16a04f5,Total de buts,30090,6,35.58
d7eb86c5e16a04f5,G/NG,30091,Oui,1.83
d7eb86c5e16a04f5,G/NG,30091,Non,1.95
d7eb86c5e16a04f5,Les deux équipes marquent / 1ère mi temps,30092,Oui,4.62
d7eb86c5e16a04f5,Les deux équipes marquent / 1ère mi temps,30092,Non,1.19
d7eb86c5e16a04f5,1X2 & Total,30093,1 / > 1.5,1.77
d7eb86c5e16a04f5,1X2 & Total,30093,X / > 1.5,5.53
d7eb86c5e16a04f5,1X2 & Total,30093,2 / > 1.5,8.04
d7eb86c5e16a04f5,1X2 & Total,30093,1 / < 1.5,9.44
d7eb86c5e16a04f5,1X2 & Total,30093,X / < 1.5,13.87
d7eb86c5e16a04f5,1X2 & Total,30093,2 / < 1.5,19.9
d7eb86c5e16a04f5,1X2 & Total,30093,1 / > 2.5,2.21
d7eb86c5e16a04f5,1X2 & Total,30093,X / > 2.5,16.63
d7eb86c5e16a04f5,1X2 & Total,30093,2 / > 2.5,9.92
d7eb86c5e16a04f5,1X2 & Total,30093,1 / < 2.5,4.55
d7eb86c5e16a04f5,1X2 & Total,30093,X / < 2.5,5.18
d7eb86c5e16a04f5,1X2 & Total,30093,2 / < 2.5,13.54
d7eb86c5e16a04f5,1X2 & Total,30093,1 / > 3.5,4.25
d7eb86c5e16a04f5,1X2 & Total,30093,X / > 3.5,16.63
d7eb86c5e16a04f5,1X2 & Total,30093,2 / > 3.5,27.23
d7eb86c5e16a04f5,1X2 & Total,30093,1 / < 3.5,2.29
d7eb86c5e16a04f5,1X2 & Total,30093,X / < 3.5,5.18
d7eb86c5e16a04f5,1X2 & Total,30093,2 / < 3.5,7.25
d7eb86c5e16a04f5,1X2 & G/NG,30094,1 gagne et les deux équipes marquent,3.31
d7eb86c5e16a04f5,1X2 & G/NG,30094,1 gagne et seulement  1  marque,2.61
d7eb86c5e16a04f5,1X2 & G/NG,30094,X et les deux équipes marquent,5.43
d7eb86c5e16a04f5,1X2 & G/NG,30094,X et aucun but,13.62
d7eb86c5e16a04f5,1X2 & G/NG,30094,2 gagne et les deux équipes marquent,10.82
d7eb86c5e16a04f5,1X2 & G/NG,30094,2 gagne et seulement 2 marque,11.7
d7eb86c5e16a04f5,Total equipe domicile,30095,> 0.5,1.1
d7eb86c5e16a04f5,Total equipe domicile,30095,< 0.5,6.65
d7eb86c5e16a04f5,Total equipe domicile,30095,> 1.5,1.62
d7eb86c5e16a04f5,Total equipe domicile,30095,< 1.5,2.27
d7eb86c5e16a04f5,Total equipe domicile,30095,> 2.5,3.14
d7eb86c5e16a04f5,Total equipe domicile,30095,< 2.5,1.35
d7eb86c5e16a04f5,Total equipe domicile,30095,> 3.5,8.6
d7eb86c5e16a04f5,Total equipe domicile,30095,< 3.5,1.06
d7eb86c5e16a04f5,Total equipe extérieur,30096,> 0.5,1.59
d7eb86c5e16a04f5,Total equipe extérieur,30096,< 0.5,2.32
d7eb86c5e16a04f5,Total equipe extérieur,30096,> 1.5,4.6
d7eb86c5e16a04f5,Total equipe extérieur,30096,< 1.5,1.19
d7eb86c5e16a04f5,Total equipe extérieur,30096,> 2.5,20.98
d7eb86c5e16a04f5,Total equipe extérieur,30096,< 2.5,0.99
d7eb86c5e16a04f5,Total equipe extérieur,30096,> 3.5,100.0
d7eb86c5e16a04f5,Total equipe extérieur,30096,< 3.5,0.95
d7eb86c5e16a04f5,G/NG equipe domicile,30097,Oui,1.1
d7eb86c5e16a04f5,G/NG equipe domicile,30097,Non,6.65
d7eb86c5e16a04f5,G/NG equipe extérieur,30098,Oui,1.59
d7eb86c5e16a04f5,G/NG equipe extérieur,30098,Non,2.32
d7eb86c5e16a04f5,Pair/Impair,30099,Impair,1.88
d7eb86c5e16a04f5,Pair/Impair,30099,Pair,1.83
d7eb86c5e16a04f5,Minute du premier but,30100,1-15,4.46
d7eb86c5e16a04f5,Minute du premier but,30100,16-30,2.98
d7eb86c5e16a04f5,Minute du premier but,30100,31-45,5.06
d7eb86c5e16a04f5,Minute du premier but,30100,46-60,6.98
d7eb86c5e16a04f5,Minute du premier but,30100,61-75,12.64
d7eb86c5e16a04f5,Minute du premier but,30100,76-90,14.98
d7eb86c5e16a04f5,Minute du premier but,30100,Pas de but,13.62
d7eb86c5e16a04f5,FTTS,30101,1,1.5
d7eb86c5e16a04f5,FTTS,30101,2,2.63
d7eb86c5e16a04f5,FTTS,30101,Pas de but,13.62
d7eb86c5e16a04f5,Multi-Buts,30102,"Le total de buts est de 0, 1 ou 2",2.05
d7eb86c5e16a04f5,Multi-Buts,30102,"Le total de buts est de 1, 2 ou 3",1.44
d7eb86c5e16a04f5,Multi-Buts,30102,"Le total de buts est de 2, 3 ou 4",1.35
d7eb86c5e16a04f5,Multi-Buts,30102,Le total de buts est supérieur à 4,7.51
d7eb86c5e16a04f5,2ème mi-tps - CS,30105,0-0,4.15
d7eb86c5e16a04f5,2ème mi-tps - CS,30105,0-1,10.17
d7eb86c5e16a04f5,2ème mi-tps - CS,30105,0-2,29.49
d7eb86c5e16a04f5,2ème mi-tps - CS,30105,0-3,100.0
d7eb86c5e16a04f5,2ème mi-tps - CS,30105,1-0,5.06
d7eb86c5e16a04f5,2ème mi-tps - CS,30105,1-1,5.51
d7eb86c5e16a04f5,2ème mi-tps - CS,30105,1-2,23.96
d7eb86c5e16a04f5,2ème mi-tps - CS,30105,2-0,6.19
d7eb86c5e16a04f5,2ème mi-tps - CS,30105,2-1,10.12
d7eb86c5e16a04f5,2ème mi-tps - CS,30105,3-0,11.38
4fc3f6b112f10637,1X2,30083,1,1.1
4fc3f6b112f10637,1X2,30083,X,8.04
4fc3f6b112f10637,1X2,30083,2,42.36
4fc3f6b112f10637,Mi-tps 1X2,30084,1,1.52
4fc3f6b112f10637,Mi-tps 1X2,30084,X,2.56
4fc3f6b112f10637,Mi-tps 1X2,30084,2,31.95
4fc3f6b112f10637,Double Chance,30085,1X,0.95
4fc3f6b112f10637,Double Chance,30085,X2,6.63
4fc3f6b112f10637,Double Chance,30085,12,1.05
4fc3f6b112f10637,Mi-tps DC,30086,1X,0.95
4fc3f6b112f10637,Mi-tps DC,30086,X2,2.37
4fc3f6b112f10637,Mi-tps DC,30086,12,1.45
4fc3f6b112f10637,Score exact,30081,0-0,12.72
4fc3f6b112f10637,Score exact,30081,0-1,63.61
4fc3f6b112f10637,Score exact,30081,0-2,100.0
4fc3f6b112f10637,Score exact,30081,0-3,100.0
4fc3f6b112f10637,Score exact,30081,0-4,100.0
4fc3f6b112f10637,Score exact,30081,0-5,100.0
4fc3f6b112f10637,Score exact,30081,0-6,100.0
4fc3f6b112f10637,Score exact,30081,1-0,7.24
4fc3f6b112f10637,Score exact,30081,1-1,22.15
4fc3f6b112f10637,Score exact,30081,1-2,100.0
4fc3f6b112f10637,Score exact,30081,1-3,100.0
4fc3f6b112f10637,Score exact,30081,1-4,100.0
4fc3f6b112f10637,Score exact,30081,1-5,100.0
4fc3f6b112f10637,Score exact,30081,2-0,5.02
4fc3f6b112f10637,Score exact,30081,2-1,16.06
4fc3f6b112f10637,Score exact,30081,2-2,100.0
4fc3f6b112f10637,Score exact,30081,2-3,100.0
4fc3f6b112f10637,Score exact,30081,2-4,100.0
4fc3f6b112f10637,Score exact,30081,3-0,4.63
4fc3f6b112f10637,Score exact,30081,3-1,18.68
4fc3f6b112f10637,Score exact,30081,3-2,100.0
4fc3f6b112f10637,Score exact,30081,3-3,100.0
4fc3f6b112f10637,Score exact,30081,4-0,7.16
4fc3f6b112f10637,Score exact,30081,4-1,28.98
4fc3f6b112f10637,Score exact,30081,4-2,100.0
4fc3f6b112f10637,Score exact,30081,5-0,13.09
4fc3f6b112f10637,Score exact,30081,5-1,90.45
4fc3f6b112f10637,Score exact,30081,6-0,40.85
4fc3f6b112f10637,Mi-tps CS,30082,0-0,2.76
4fc3f6b112f10637,Mi-tps CS,30082,0-1,34.4
4fc3f6b112f10637,Mi-tps CS,30082,0-2,100.0
4fc3f6b112f10637,Mi-tps CS,30082,0-3,100.0
4fc3f6b112f10637,Mi-tps CS,30082,1-0,3.36
4fc3f6b112f10637,Mi-tps CS,30082,1-1,18.65
4fc3f6b112f10637,Mi-tps CS,30082,1-2,100.0
4fc3f6b112f10637,Mi-tps CS,30082,2-0,4.13
4fc3f6b112f10637,Mi-tps CS,30082,2-1,34.32
4fc3f6b112f10637,Mi-tps CS,30082,3-0,7.59
4fc3f6b112f10637,+/-,30087,> 0.5,1.01
4fc3f6b112f10637,+/-,30087,< 0.5,13.44
4fc3f6b112f10637,+/-,30087,> 1.5,1.19
4fc3f6b112f10637,+/-,30087,< 1.5,4.54
4fc3f6b112f10637,+/-,30087,> 2.5,1.65
4fc3f6b112f10637,+/-,30087,< 2.5,2.21
4fc3f6b112f10637,+/-,30087,> 3.5,2.96
4fc3f6b112f10637,+/-,30087,< 3.5,1.38
4fc3f6b112f10637,HT/FT,30089,1/1,1.49
4fc3f6b112f10637,HT/FT,30089,1/X,97.37
4fc3f6b112f10637,HT/FT,30089,1/2,100.0
4fc3f6b112f10637,HT/FT,30089,X/1,3.59
4fc3f6b112f10637,HT/FT,30089,X/X,8.85
4fc3f6b112f10637,HT/FT,30089,X/2,74.6
4fc3f6b112f10637,HT/FT,30089,2/1,73.28
4fc3f6b112f10637,HT/FT,30089,2/X,100.0
4fc3f6b112f10637,HT/FT,30089,2/2,94.12
4fc3f6b112f10637,Total de buts,30090,0,12.72
4fc3f6b112f10637,Total de buts,30090,1,6.5
4fc3f6b112f10637,Total de buts,30090,2,4.06
4fc3f6b112f10637,Total de buts,30090,3,3.52
4fc3f6b112f10637,Total de buts,30090,4,4.97
4fc3f6b112f10637,Total de buts,30090,5,8.52
4fc3f6b112f10637,Total de buts,30090,6,26.36
4fc3f6b112f10637,G/NG,30091,Oui,4.61
4fc3f6b112f10637,G/NG,30091,Non,1.19
4fc3f6b112f10637,Les deux équipes marquent / 1ère mi temps,30092,Oui,12.75
4fc3f6b112f10637,Les deux équipes marquent / 1ère mi temps,30092,Non,1.02
4fc3f6b112f10637,1X2 & Total,30093,1 / > 1.5,1.23
4fc3f6b112f10637,1X2 & Total,30093,X / > 1.5,19.24
4fc3f6b112f10637,1X2 & Total,30093,2 / > 1.5,100.0
4fc3f6b112f10637,1X2 & Total,30093,1 / < 1.5,7.37
4fc3f6b112f10637,1X2 & Total,30093,X / < 1.5,12.96
4fc3f6b112f10637,1X2 & Total,30093,2 / < 1.5,64.76
4fc3f6b112f10637,1X2 & Total,30093,1 / > 2.5,1.63
4fc3f6b112f10637,1X2 & Total,30093,X / > 2.5,100.0
4fc3f6b112f10637,1X2 & Total,30093,2 / > 2.5,100.0
4fc3f6b112f10637,1X2 & Total,30093,1 / < 2.5,3.02
4fc3f6b112f10637,1X2 & Total,30093,X / < 2.5,8.23
4fc3f6b112f10637,1X2 & Total,30093,2 / < 2.5,57.22
4fc3f6b112f10637,1X2 & Total,30093,1 / > 3.5,2.93
4fc3f6b112f10637,1X2 & Total,30093,X / > 3.5,100.0
4fc3f6b112f10637,1X2 & Total,30093,2 / > 3.5,100.0
4fc3f6b112f10637,1X2 & Total,30093,1 / < 3.5,1.65
4fc3f6b112f10637,1X2 & Total,30093,X / < 3.5,8.23
4fc3f6b112f10637,1X2 & Total,30093,2 / < 3.5,42.61
4fc3f6b112f10637,1X2 & G/NG,30094,1 gagne et les deux équipes marquent,5.9
4fc3f6b112f10637,1X2 & G/NG,30094,1 gagne et seulement  1  marque,1.26
4fc3f6b112f10637,1X2 & G/NG,30094,X et les deux équipes marquent,18.9
4fc3f6b112f10637,1X2 & G/NG,30094,X et aucun but,12.72
4fc3f6b112f10637,1X2 & G/NG,30094,2 gagne et les deux équipes marquent,100.0
4fc3f6b112f10637,1X2 & G/NG,30094,2 gagne et seulement 2 marque,55.54
4fc3f6b112f10637,Total equipe domicile,30095,> 0.5,1.03
4fc3f6b112f10637,Total equipe domicile,30095,< 0.5,10.94
4fc3f6b112f10637,Total equipe domicile,30095,> 1.5,1.27
4fc3f6b112f10637,Total equipe domicile,30095,< 1.5,3.69
4fc3f6b112f10637,Total equipe domicile,30095,> 2.5,1.87
4fc3f6b112f10637,Total equipe domicile,30095,< 2.5,1.9
4fc3f6b112f10637,Total equipe domicile,30095,> 3.5,3.66
4fc3f6b112f10637,Total equipe domicile,30095,< 3.5,1.27
4fc3f6b112f10637,Total equipe extérieur,30096,> 0.5,4.27
4fc3f6b112f10637,Total equipe extérieur,30096,< 0.5,1.21
4fc3f6b112f10637,Total equipe extérieur,30096,> 1.5,42.08
4fc3f6b112f10637,Total equipe extérieur,30096,< 1.5,0.97
4fc3f6b112f10637,Total equipe extérieur,30096,> 2.5,100.0
4fc3f6b112f10637,Total equipe extérieur,30096,< 2.5,0.94
4fc3f6b112f10637,Total equipe extérieur,30096,> 3.5,100.0
4fc3f6b112f10637,Total equipe extérieur,30096,< 3.5,0.94
4fc3f6b112f10637,G/NG equipe domicile,30097,Oui,1.03
4fc3f6b112f10637,G/NG equipe domicile,30097,Non,10.94
4fc3f6b112f10637,G/NG equipe extérieur,30098,Oui,4.27
4fc3f6b112f10637,G/NG equipe extérieur,30098,Non,1.21
4fc3f6b112f10637,Pair/Impair,30099,Impair,1.87
4fc3f6b112f10637,Pair/Impair,30099,Pair,1.84
4fc3f6b112f10637,Minute du premier but,30100,1-15,4.95
4fc3f6b112f10637,Minute du premier but,30100,16-30,3.19
4fc3f6b112f10637,Minute du premier but,30100,31-45,5.0
4fc3f6b112f10637,Minute du premier but,30100,46-60,6.63
4fc3f6b112f10637,Minute du premier but,30100,61-75,10.91
4fc3f6b112f10637,Minute du premier but,30100,76-90,11.95
4fc3f6b112f10637,Minute du premier but,30100,Pas de but,12.72
4fc3f6b112f10637,FTTS,30101,1,1.11
4fc3f6b112f10637,FTTS,30101,2,6.92
4fc3f6b112f10637,FTTS,30101,Pas de but,12.72
4fc3f6b112f10637,Multi-Buts,30102,"Le total de buts est de 0, 1 ou 2",2.13
4fc3f6b112f10637,Multi-Buts,30102,"Le total de buts est de 1, 2 ou 3",1.49
4fc3f6b112f10637,Multi-Buts,30102,"Le total de buts est de 2, 3 ou 4",1.39
4fc3f6b112f10637,Multi-Buts,30102,Le total de buts est supérieur à 4,6.55
4fc3f6b112f10637,2ème mi-tps - CS,30105,0-0,3.91
4fc3f6b112f10637,2ème mi-tps - CS,30105,0-1,32.59
4fc3f6b112f10637,2ème mi-tps - CS,30105,0-2,100.0
4fc3f6b112f10637,2ème mi-tps - CS,30105,0-3,100.0
4fc3f6b112f10637,2ème mi-tps - CS,30105,1-0,4.16
4fc3f6b112f10637,2ème mi-tps - CS,30105,1-1,15.44
4fc3f6b112f10637,2ème mi-tps - CS,30105,1-2,100.0
4fc3f6b112f10637,2ème mi-tps - CS,30105,2-0,3.56
4fc3f6b112f10637,2ème mi-tps - CS,30105,2-1,19.78
4fc3f6b112f10637,2ème mi-tps - CS,30105,3-0,4.56
d42d850c032dc999,1X2,30083,1,1.77
d42d850c032dc999,1X2,30083,X,3.27
d42d850c032dc999,1X2,30083,2,5.27
d42d850c032dc999,Mi-tps 1X2,30084,1,2.64
d42d850c032dc999,Mi-tps 1X2,30084,X,1.81
d42d850c032dc999,Mi-tps 1X2,30084,2,6.79
d42d850c032dc999,Double Chance,30085,1X,1.13
d42d850c032dc999,Double Chance,30085,X2,1.98
d42d850c032dc999,Double Chance,30085,12,1.3
d42d850c032dc999,Mi-tps DC,30086,1X,1.07
d42d850c032dc999,Mi-tps DC,30086,X2,1.43
d42d850c032dc999,Mi-tps DC,30086,12,1.9
d42d850c032dc999,Score exact,30081,0-0,7.59
d42d850c032dc999,Score exact,30081,0-1,12.93
d42d850c032dc999,Score exact,30081,0-2,32.92
d42d850c032dc999,Score exact,30081,0-3,100.0
d42d850c032dc999,Score exact,30081,0-4,100.0
d42d850c032dc999,Score exact,30081,0-5,100.0
d42d850c032dc999,Score exact,30081,0-6,100.0
d42d850c032dc999,Score exact,30081,1-0,6.59
d42d850c032dc999,Score exact,30081,1-1,6.86
d42d850c032dc999,Score exact,30081,1-2,17.64
d42d850c032dc999,Score exact,30081,1-3,74.75
d42d850c032dc999,Score exact,30081,1-4,100.0
d42d850c032dc999,Score exact,30081,1-5,100.0
d42d850c032dc999,Score exact,30081,2-0,8.21
d42d850c032dc999,Score exact,30081,2-1,8.68
d42d850c032dc999,Score exact,30081,2-2,23.24
d42d850c032dc999,Score exact,30081,2-3,100.0
d42d850c032dc999,Score exact,30081,2-4,100.0
d42d850c032dc999,Score exact,30081,3-0,13.93
d42d850c032dc999,Score exact,30081,3-1,17.89
d42d850c032dc999,Score exact,30081,3-2,52.94
d42d850c032dc999,Score exact,30081,3-3,100.0
d42d850c032dc999,Score exact,30081,4-0,38.02
d42d850c032dc999,Score exact,30081,4-1,51.66
d42d850c032dc999,Score exact,30081,4-2,100.0
d42d850c032dc999,Score exact,30081,5-0,100.0
d42d850c032dc999,Score exact,30081,5-1,100.0
d42d850c032dc999,Score exact,30081,6-0,100.0
d42d850c032dc999,Mi-tps CS,30082,0-0,2.18
d42d850c032dc999,Mi-tps CS,30082,0-1,8.83
d42d850c032dc999,Mi-tps CS,30082,0-2,43.57
d42d850c032dc999,Mi-tps CS,30082,0-3,100.0
d42d850c032dc999,Mi-tps CS,30082,1-0,4.28
d42d850c032dc999,Mi-tps CS,30082,1-1,7.72
d42d850c032dc999,Mi-tps CS,30082,1-2,57.19
d42d850c032dc999,Mi-tps CS,30082,2-0,9.75
d42d850c032dc999,Mi-tps CS,30082,2-1,26.36
d42d850c032dc999,Mi-tps CS,30082,3-0,33.27
d42d850c032dc999,+/-,30087,> 0.5,1.07
d42d850c032dc999,+/-,30087,< 0.5,8.02
d42d850c032dc999,+/-,30087,> 1.5,1.39
d42d850c032dc999,+/-,30087,< 1.5,2.93
d42d850c032dc999,+/-,30087,> 2.5,2.29
d42d850c032dc999,+/-,30087,< 2.5,1.6
d42d850c032dc999,+/-,30087,> 3.5,5.06
d42d850c032dc999,+/-,30087,< 3.5,1.16
d42d850c032dc999,HT/FT,30089,1/1,2.88
d42d850c032dc999,HT/FT,30089,1/X,27.21
d42d850c032dc999,HT/FT,30089,1/2,100.0
d42d850c032dc999,HT/FT,30089,X/1,4.37
d42d850c032dc999,HT/FT,30089,X/X,3.97
d42d850c032dc999,HT/FT,30089,X/2,10.79
d42d850c032dc999,HT/FT,30089,2/1,48.88
d42d850c032dc999,HT/FT,30089,2/X,29.49
d42d850c032dc999,HT/FT,30089,2/2,10.17
d42d850c032dc999,Total de buts,30090,0,7.59
d42d850c032dc999,Total de buts,30090,1,4.37
d42d850c032dc999,Total de buts,30090,2,3.36
d42d850c032dc999,Total de buts,30090,3,3.96
d42d850c032dc999,Total de buts,30090,4,7.14
d42d850c032dc999,Total de buts,30090,5,17.45
d42d850c032dc999,Total de buts,30090,6,87.77
d42d850c032dc999,G/NG,30091,Oui,2.16
d42d850c032dc999,G/NG,30091,Non,1.68
d42d850c032dc999,Les deux équipes marquent / 1ère mi temps,30092,Oui,5.87
d42d850c032dc999,Les deux équipes marquent / 1ère mi temps,30092,Non,1.12
d42d850c032dc999,1X2 & Total,30093,1 / > 1.5,2.29
d42d850c032dc999,1X2 & Total,30093,X / > 1.5,5.33
d42d850c032dc999,1X2 & Total,30093,2 / > 1.5,8.26
d42d850c032dc999,1X2 & Total,30093,1 / < 1.5,6.71
d42d850c032dc999,1X2 & Total,30093,X / < 1.5,7.73
d42d850c032dc999,1X2 & Total,30093,2 / < 1.5,13.17
d42d850c032dc999,1X2 & Total,30093,1 / > 2.5,3.15
d42d850c032dc999,1X2 & Total,30093,X / > 2.5,22.48
d42d850c032dc999,1X2 & Total,30093,2 / > 2.5,10.96
d42d850c032dc999,1X2 & Total,30093,1 / < 2.5,3.72
d42d850c032dc999,1X2 & Total,30093,X / < 2.5,3.67
d42d850c032dc999,1X2 & Total,30093,2 / < 2.5,9.45
d42d850c032dc999,1X2 & Total,30093,1 / > 3.5,7.48
d42d850c032dc999,1X2 & Total,30093,X / > 3.5,22.48
d42d850c032dc999,1X2 & Total,30093,2 / > 3.5,37.03
d42d850c032dc999,1X2 & Total,30093,1 / < 3.5,2.21
d42d850c032dc999,1X2 & Total,30093,X / < 3.5,3.67
d42d850c032dc999,1X2 & Total,30093,2 / < 3.5,5.88
d42d850c032dc999,1X2 & G/NG,30094,1 gagne et les deux équipes marquent,4.63
d42d850c032dc999,1X2 & G/NG,30094,1 gagne et seulement  1  marque,2.63
d42d850c032dc999,1X2 & G/NG,30094,X et les deux équipes marquent,5.23
d42d850c032dc999,1X2 & G/NG,30094,X et aucun but,7.59
d42d850c032dc999,1X2 & G/NG,30094,2 gagne et les deux équipes marquent,12.13
d42d850c032dc999,1X2 & G/NG,30094,2 gagne et seulement 2 marque,8.47
d42d850c032dc999,Total equipe domicile,30095,> 0.5,1.21
d42d850c032dc999,Total equipe domicile,30095,< 0.5,4.23
d42d850c032dc999,Total equipe domicile,30095,> 1.5,2.11
d42d850c032dc999,Total equipe domicile,30095,< 1.5,1.7
d42d850c032dc999,Total equipe domicile,30095,> 2.5,5.03
d42d850c032dc999,Total equipe domicile,30095,< 2.5,1.16
d42d850c032dc999,Total equipe domicile,30095,> 3.5,17.25
d42d850c032dc999,Total equipe domicile,30095,< 3.5,1.0
d42d850c032dc999,Total equipe extérieur,30096,> 0.5,1.74
d42d850c032dc999,Total equipe extérieur,30096,< 0.5,2.06
d42d850c032dc999,Total equipe extérieur,30096,> 1.5,5.53
d42d850c032dc999,Total equipe extérieur,30096,< 1.5,1.14
d42d850c032dc999,Total equipe extérieur,30096,> 2.5,27.49
d42d850c032dc999,Total equipe extérieur,30096,< 2.5,0.98
d42d850c032dc999,Total equipe extérieur,30096,> 3.5,100.0
d42d850c032dc999,Total equipe extérieur,30096,< 3.5,0.95
d42d850c032dc999,G/NG equipe domicile,30097,Oui,1.21
d42d850c032dc999,G/NG equipe domicile,30097,Non,4.23
d42d850c032dc999,G/NG equipe extérieur,30098,Oui,1.74
d42d850c032dc999,G/NG equipe extérieur,30098,Non,2.06
d42d850c032dc999,Pair/Impair,30099,Impair,1.92
d42d850c032dc999,Pair/Impair,30099,Pair,1.78
d42d850c032dc999,Minute du premier but,30100,1-15,5.27
d42d850c032dc999,Minute du premier but,30100,16-30,3.4
d42d850c032dc999,Minute du premier but,30100,31-45,5.33
d42d850c032dc999,Minute du premier but,30100,46-60,6.7
d42d850c032dc999,Minute du premier but,30100,61-75,11.31
d42d850c032dc999,Minute du premier but,30100,76-90,12.66
d42d850c032dc999,Minute du premier but,30100,Pas de but,7.59
d42d850c032dc999,FTTS,30101,1,1.62
d42d850c032dc999,FTTS,30101,2,2.69
d42d850c032dc999,FTTS,30101,Pas de but,7.59
d42d850c032dc999,Multi-Buts,30102,"Le total de buts est de 0, 1 ou 2",1.55
d42d850c032dc999,Multi-Buts,30102,"Le total de buts est de 1, 2 ou 3",1.31
d42d850c032dc999,Multi-Buts,30102,"Le total de buts est de 2, 3 ou 4",1.47
d42d850c032dc999,Multi-Buts,30102,Le total de buts est supérieur à 4,14.82
d42d850c032dc999,2ème mi-tps - CS,30105,0-0,2.96
d42d850c032dc999,2ème mi-tps - CS,30105,0-1,8.68
d42d850c032dc999,2ème mi-tps - CS,30105,0-2,30.54
d42d850c032dc999,2ème mi-tps - CS,30105,0-3,100.0
d42d850c032dc999,2ème mi-tps - CS,30105,1-0,4.59
d42d850c032dc999,2ème mi-tps - CS,30105,1-1,5.99
d42d850c032dc999,2ème mi-tps - CS,30105,1-2,31.6
d42d850c032dc999,2ème mi-tps - CS,30105,2-0,7.88
d42d850c032dc999,2ème mi-tps - CS,30105,2-1,15.43
d42d850c032dc999,2ème mi-tps - CS,30105,3-0,20.32
c15c5af596aba475,1X2,30083,1,2.14
c15c5af596aba475,1X2,30083,X,3.1
c15c5af596aba475,1X2,30083,2,3.72
c15c5af596aba475,Mi-tps 1X2,30084,1,3.23
c15c5af596aba475,Mi-tps 1X2,30084,X,1.76
c15c5af596aba475,Mi-tps 1X2,30084,2,4.92
c15c5af596aba475,Double Chance,30085,1X,1.24
c15c5af596aba475,Double Chance,30085,X2,1.66
c15c5af596aba475,Double Chance,30085,12,1.33
c15c5af596aba475,Mi-tps DC,30086,1X,1.14
c15c5af596aba475,Mi-tps DC,30086,X2,1.3
c15c5af596aba475,Mi-tps DC,30086,12,1.95
c15c5af596aba475,Score exact,30081,0-0,7.89
c15c5af596aba475,Score exact,30081,0-1,10.69
c15c5af596aba475,Score exact,30081,0-2,21.48
c15c5af596aba475,Score exact,30081,0-3,59.22
c15c5af596aba475,Score exact,30081,0-4,100.0
c15c5af596aba475,Score exact,30081,0-5,100.0
c15c5af596aba475,Score exact,30081,0-6,100.0
c15c5af596aba475,Score exact,30081,1-0,7.62
c15c5af596aba475,Score exact,30081,1-1,6.3
c15c5af596aba475,Score exact,30081,1-2,12.81
c15c5af596aba475,Score exact,30081,1-3,42.8
c15c5af596aba475,Score exact,30081,1-4,100.0
c15c5af596aba475,Score exact,30081,1-5,100.0
c15c5af596aba475,Score exact,30081,2-0,10.64
c15c5af596aba475,Score exact,30081,2-1,8.96
c15c5af596aba475,Score exact,30081,2-2,19.0
c15c5af596aba475,Score exact,30081,2-3,70.54
c15c5af596aba475,Score exact,30081,2-4,100.0
c15c5af596aba475,Score exact,30081,3-0,20.31
c15c5af596aba475,Score exact,30081,3-1,20.91
c15c5af596aba475,Score exact,30081,3-2,49.01
c15c5af596aba475,Score exact,30081,3-3,100.0
c15c5af596aba475,Score exact,30081,4-0,63.25
c15c5af596aba475,Score exact,30081,4-1,68.65
c15c5af596aba475,Score exact,30081,4-2,100.0
c15c5af596aba475,Score exact,30081,5-0,100.0
c15c5af596aba475,Score exact,30081,5-1,100.0
c15c5af596aba475,Score exact,30081,6-0,100.0
c15c5af596aba475,Mi-tps CS,30082,0-0,2.17
c15c5af596aba475,Mi-tps CS,30082,0-1,6.85
c15c5af596aba475,Mi-tps CS,30082,0-2,25.97
c15c5af596aba475,Mi-tps CS,30082,0-3,100.0
c15c5af596aba475,Mi-tps CS,30082,1-0,4.97
c15c5af596aba475,Mi-tps CS,30082,1-1,6.97
c15c5af596aba475,Mi-tps CS,30082,1-2,39.62
c15c5af596aba475,Mi-tps CS,30082,2-0,13.38
c15c5af596aba475,Mi-tps CS,30082,2-1,28.12
c15c5af596aba475,Mi-tps CS,30082,3-0,54.01
c15c5af596aba475,+/-,30087,> 0.5,1.06
c15c5af596aba475,+/-,30087,< 0.5,8.33
c15c5af596aba475,+/-,30087,> 1.5,1.37
c15c5af596aba475,+/-,30087,< 1.5,3.01
c15c5af596aba475,+/-,30087,> 2.5,2.25
c15c5af596aba475,+/-,30087,< 2.5,1.62
c15c5af596aba475,+/-,30087,> 3.5,4.95
c15c5af596aba475,+/-,30087,< 3.5,1.17
c15c5af596aba475,HT/FT,30089,1/1,3.72
c15c5af596aba475,HT/FT,30089,1/X,25.34
c15c5af596aba475,HT/FT,30089,1/2,77.89
c15c5af596aba475,HT/FT,30089,X/1,4.9
c15c5af596aba475,HT/FT,30089,X/X,3.84
c15c5af596aba475,HT/FT,30089,X/2,8.12
c15c5af596aba475,HT/FT,30089,2/1,46.56
c15c5af596aba475,HT/FT,30089,2/X,24.25
c15c5af596aba475,HT/FT,30089,2/2,6.75
c15c5af596aba475,Total de buts,30090,0,7.89
c15c5af596aba475,Total de buts,30090,1,4.45
c15c5af596aba475,Total de buts,30090,2,3.34
c15c5af596aba475,Total de buts,30090,3,3.91
c15c5af596aba475,Total de buts,30090,4,6.97
c15c5af596aba475,Total de buts,30090,5,17.04
c15c5af596aba475,Total de buts,30090,6,87.31
c15c5af596aba475,G/NG,30091,Oui,1.97
c15c5af596aba475,G/NG,30091,Non,1.81
c15c5af596aba475,Les deux équipes marquent / 1ère mi temps,30092,Oui,5.31
c15c5af596aba475,Les deux équipes marquent / 1ère mi temps,30092,Non,1.15
c15c5af596aba475,1X2 & Total,30093,1 / > 1.5,2.8
c15c5af596aba475,1X2 & Total,30093,X / > 1.5,4.75
c15c5af596aba475,1X2 & Total,30093,2 / > 1.5,5.34
c15c5af596aba475,1X2 & Total,30093,1 / < 1.5,7.76
c15c5af596aba475,1X2 & Total,30093,X / < 1.5,8.03
c15c5af596aba475,1X2 & Total,30093,2 / < 1.5,10.88
c15c5af596aba475,1X2 & Total,30093,1 / > 2.5,3.78
c15c5af596aba475,1X2 & Total,30093,X / > 2.5,18.27
c15c5af596aba475,1X2 & Total,30093,2 / > 2.5,7.07
c15c5af596aba475,1X2 & Total,30093,1 / < 2.5,4.52
c15c5af596aba475,1X2 & Total,30093,X / < 2.5,3.57
c15c5af596aba475,1X2 & Total,30093,2 / < 2.5,7.27
c15c5af596aba475,1X2 & Total,30093,1 / > 3.5,9.37
c15c5af596aba475,1X2 & Total,30093,X / > 3.5,18.27
c15c5af596aba475,1X2 & Total,30093,2 / > 3.5,20.71
c15c5af596aba475,1X2 & Total,30093,1 / < 3.5,2.64
c15c5af596aba475,1X2 & Total,30093,X / < 3.5,3.57
c15c5af596aba475,1X2 & Total,30093,2 / < 3.5,4.33
c15c5af596aba475,1X2 & G/NG,30094,1 gagne et les deux équipes marquent,5.0
c15c5af596aba475,1X2 & G/NG,30094,1 gagne et seulement  1  marque,3.39
c15c5af596aba475,1X2 & G/NG,30094,X et les deux équipes marquent,4.67
c15c5af596aba475,1X2 & G/NG,30094,X et aucun but,7.89
c15c5af596aba475,1X2 & G/NG,30094,2 gagne et les deux équipes marquent,8.15
c15c5af596aba475,1X2 & G/NG,30094,2 gagne et seulement 2 marque,6.19
c15c5af596aba475,Total equipe domicile,30095,> 0.5,1.27
c15c5af596aba475,Total equipe domicile,30095,< 0.5,3.66
c15c5af596aba475,Total equipe domicile,30095,> 1.5,2.43
c15c5af596aba475,Total equipe domicile,30095,< 1.5,1.54
c15c5af596aba475,Total equipe domicile,30095,> 2.5,6.56
c15c5af596aba475,Total equipe domicile,30095,< 2.5,1.1
c15c5af596aba475,Total equipe domicile,30095,> 3.5,26.13
c15c5af596aba475,Total equipe domicile,30095,< 3.5,0.98
c15c5af596aba475,Total equipe extérieur,30096,> 0.5,1.51
c15c5af596aba475,Total equipe extérieur,30096,< 0.5,2.51
c15c5af596aba475,Total equipe extérieur,30096,> 1.5,3.91
c15c5af596aba475,Total equipe extérieur,30096,< 1.5,1.24
c15c5af596aba475,Total equipe extérieur,30096,> 2.5,15.28
c15c5af596aba475,Total equipe extérieur,30096,< 2.5,1.01
c15c5af596aba475,Total equipe extérieur,30096,> 3.5,90.86
c15c5af596aba475,Total equipe extérieur,30096,< 3.5,0.95
c15c5af596aba475,G/NG equipe domicile,30097,Oui,1.27
c15c5af596aba475,G/NG equipe domicile,30097,Non,3.66
c15c5af596aba475,G/NG equipe extérieur,30098,Oui,1.51
c15c5af596aba475,G/NG equipe extérieur,30098,Non,2.51
c15c5af596aba475,Pair/Impair,30099,Impair,1.92
c15c5af596aba475,Pair/Impair,30099,Pair,1.79
c15c5af596aba475,Minute du premier but,30100,1-15,5.19
c15c5af596aba475,Minute du premier but,30100,16-30,3.36
c15c5af596aba475,Minute du premier but,30100,31-45,5.32
c15c5af596aba475,Minute du premier but,30100,46-60,6.63
c15c5af596aba475,Minute du premier but,30100,61-75,11.42
c15c5af596aba475,Minute du premier but,30100,76-90,12.98
c15c5af596aba475,Minute du premier but,30100,Pas de but,7.89
c15c5af596aba475,FTTS,30101,1,1.8
c15c5af596aba475,FTTS,30101,2,2.28
c15c5af596aba475,FTTS,30101,Pas de but,7.89
c15c5af596aba475,Multi-Buts,30102,"Le total de buts est de 0, 1 ou 2",1.56
c15c5af596aba475,Multi-Buts,30102,"Le total de buts est de 1, 2 ou 3",1.31
c15c5af596aba475,Multi-Buts,30102,"Le total de buts est de 2, 3 ou 4",1.46
c15c5af596aba475,Multi-Buts,30102,Le total de buts est supérieur à 4,14.52
c15c5af596aba475,2ème mi-tps - CS,30105,0-0,3.07
c15c5af596aba475,2ème mi-tps - CS,30105,0-1,7.31
c15c5af596aba475,2ème mi-tps - CS,30105,0-2,20.49
c15c5af596aba475,2ème mi-tps - CS,30105,0-3,86.19
c15c5af596aba475,2ème mi-tps - CS,30105,1-0,5.14
c15c5af596aba475,2ème mi-tps - CS,30105,1-1,5.43
c15c5af596aba475,2ème mi-tps - CS,30105,1-2,22.85
c15c5af596aba475,2ème mi-tps - CS,30105,2-0,9.68
c15c5af596aba475,2ème mi-tps - CS,30105,2-1,15.34
c15c5af596aba475,2ème mi-tps - CS,30105,3-0,27.34
40e6b2282148de32,1X2,30083,1,1.49
40e6b2282148de32,1X2,30083,X,3.73
40e6b2282148de32,1X2,30083,2,8.18
40e6b2282148de32,Mi-tps 1X2,30084,1,2.35
40e6b2282148de32,Mi-tps 1X2,30084,X,1.84
40e6b2282148de32,Mi-tps 1X2,30084,2,8.89
40e6b2282148de32,Double Chance,30085,1X,1.05
40e6b2282148de32,Double Chance,30085,X2,2.52
40e6b2282148de32,Double Chance,30085,12,1.24
40e6b2282148de32,Mi-tps DC,30086,1X,1.03
40e6b2282148de32,Mi-tps DC,30086,X2,1.53
40e6b2282148de32,Mi-tps DC,30086,12,1.86
40e6b2282148de32,Score exact,30081,0-0,7.87
40e6b2282148de32,Score exact,30081,0-1,17.34
40e6b2282148de32,Score exact,30081,0-2,57.65
40e6b2282148de32,Score exact,30081,0-3,100.0
40e6b2282148de32,Score exact,30081,0-4,100.0
40e6b2282148de32,Score exact,30081,0-5,100.0
40e6b2282148de32,Score exact,30081,0-6,100.0
40e6b2282148de32,Score exact,30081,1-0,6.06
40e6b2282148de32,Score exact,30081,1-1,8.15
40e6b2282148de32,Score exact,30081,1-2,27.26
40e6b2282148de32,Score exact,30081,1-3,100.0
40e6b2282148de32,Score exact,30081,1-4,100.0
40e6b2282148de32,Score exact,30081,1-5,100.0
40e6b2282148de32,Score exact,30081,2-0,6.5
40e6b2282148de32,Score exact,30081,2-1,8.96
40e6b2282148de32,Score exact,30081,2-2,31.43
40e6b2282148de32,Score exact,30081,2-3,100.0
40e6b2282148de32,Score exact,30081,2-4,100.0
40e6b2282148de32,Score exact,30081,3-0,9.48
40e6b2282148de32,Score exact,30081,3-1,16.14
40e6b2282148de32,Score exact,30081,3-2,62.19
40e6b2282148de32,Score exact,30081,3-3,100.0
40e6b2282148de32,Score exact,30081,4-0,22.88
40e6b2282148de32,Score exact,30081,4-1,40.49
40e6b2282148de32,Score exact,30081,4-2,100.0
40e6b2282148de32,Score exact,30081,5-0,70.18
40e6b2282148de32,Score exact,30081,5-1,100.0
40e6b2282148de32,Score exact,30081,6-0,100.0
40e6b2282148de32,Mi-tps CS,30082,0-0,2.15
40e6b2282148de32,Mi-tps CS,30082,0-1,10.93
40e6b2282148de32,Mi-tps CS,30082,0-2,68.12
40e6b2282148de32,Mi-tps CS,30082,0-3,100.0
40e6b2282148de32,Mi-tps CS,30082,1-0,3.92
40e6b2282148de32,Mi-tps CS,30082,1-1,8.86
40e6b2282148de32,Mi-tps CS,30082,1-2,82.82
40e6b2282148de32,Mi-tps CS,30082,2-0,8.18
40e6b2282148de32,Mi-tps CS,30082,2-1,27.71
40e6b2282148de32,Mi-tps CS,30082,3-0,25.56
40e6b2282148de32,+/-,30087,> 0.5,1.06
40e6b2282148de32,+/-,30087,< 0.5,8.32
40e6b2282148de32,+/-,30087,> 1.5,1.37
40e6b2282148de32,+/-,30087,< 1.5,3.02
40e6b2282148de32,+/-,30087,> 2.5,2.22
40e6b2282148de32,+/-,30087,< 2.5,1.64
40e6b2282148de32,+/-,30087,> 3.5,4.83
40e6b2282148de32,+/-,30087,< 3.5,1.17
40e6b2282148de32,HT/FT,30089,1/1,2.45
40e6b2282148de32,HT/FT,30089,1/X,36.74
40e6b2282148de32,HT/FT,30089,1/2,100.0
40e6b2282148de32,HT/FT,30089,X/1,3.62
40e6b2282148de32,HT/FT,30089,X/X,4.41
40e6b2282148de32,HT/FT,30089,X/2,16.65
40e6b2282148de32,HT/FT,30089,2/1,42.74
40e6b2282148de32,HT/FT,30089,2/X,34.05
40e6b2282148de32,HT/FT,30089,2/2,15.65
40e6b2282148de32,Total de buts,30090,0,7.87
40e6b2282148de32,Total de buts,30090,1,4.49
40e6b2282148de32,Total de buts,30090,2,3.4
40e6b2282148de32,Total de buts,30090,3,3.88
40e6b2282148de32,Total de buts,30090,4,6.91
40e6b2282148de32,Total de buts,30090,5,16.37
40e6b2282148de32,Total de buts,30090,6,77.63
40e6b2282148de32,G/NG,30091,Oui,2.47
40e6b2282148de32,G/NG,30091,Non,1.53
40e6b2282148de32,Les deux équipes marquent / 1ère mi temps,30092,Oui,6.74
40e6b2282148de32,Les deux équipes marquent / 1ère mi temps,30092,Non,1.1
40e6b2282148de32,1X2 & Total,30093,1 / > 1.5,1.88
40e6b2282148de32,1X2 & Total,30093,X / > 1.5,6.53
40e6b2282148de32,1X2 & Total,30093,2 / > 1.5,14.24
40e6b2282148de32,1X2 & Total,30093,1 / < 1.5,6.17
40e6b2282148de32,1X2 & Total,30093,X / < 1.5,8.01
40e6b2282148de32,1X2 & Total,30093,2 / < 1.5,17.66
40e6b2282148de32,1X2 & Total,30093,1 / > 2.5,2.62
40e6b2282148de32,1X2 & Total,30093,X / > 2.5,30.58
40e6b2282148de32,1X2 & Total,30093,2 / > 2.5,18.8
40e6b2282148de32,1X2 & Total,30093,1 / < 2.5,3.19
40e6b2282148de32,1X2 & Total,30093,X / < 2.5,4.08
40e6b2282148de32,1X2 & Total,30093,2 / < 2.5,13.58
40e6b2282148de32,1X2 & Total,30093,1 / > 3.5,5.93
40e6b2282148de32,1X2 & Total,30093,X / > 3.5,30.58
40e6b2282148de32,1X2 & Total,30093,2 / > 3.5,74.44
40e6b2282148de32,1X2 & Total,30093,1 / < 3.5,1.9
40e6b2282148de32,1X2 & Total,30093,X / < 3.5,4.08
40e6b2282148de32,1X2 & Total,30093,2 / < 3.5,8.82
40e6b2282148de32,1X2 & G/NG,30094,1 gagne et les deux équipes marquent,4.49
40e6b2282148de32,1X2 & G/NG,30094,1 gagne et seulement  1  marque,2.06
40e6b2282148de32,1X2 & G/NG,30094,X et les deux équipes marquent,6.41
40e6b2282148de32,1X2 & G/NG,30094,X et aucun but,7.87
40e6b2282148de32,1X2 & G/NG,30094,2 gagne et les deux équipes marquent,20.09
40e6b2282148de32,1X2 & G/NG,30094,2 gagne et seulement 2 marque,12.6
40e6b2282148de32,Total equipe domicile,30095,> 0.5,1.16
40e6b2282148de32,Total equipe domicile,30095,< 0.5,5.12
40e6b2282148de32,Total equipe domicile,30095,> 1.5,1.82
40e6b2282148de32,Total equipe domicile,30095,< 1.5,1.96
40e6b2282148de32,Total equipe domicile,30095,> 2.5,3.79
40e6b2282148de32,Total equipe domicile,30095,< 2.5,1.26
40e6b2282148de32,Total equipe domicile,30095,> 3.5,11.28
40e6b2282148de32,Total equipe domicile,30095,< 3.5,1.03
40e6b2282148de32,Total equipe extérieur,30096,> 0.5,2.08
40e6b2282148de32,Total equipe extérieur,30096,< 0.5,1.73
40e6b2282148de32,Total equipe extérieur,30096,> 1.5,8.49
40e6b2282148de32,Total equipe extérieur,30096,< 1.5,1.06
40e6b2282148de32,Total equipe extérieur,30096,> 2.5,55.76
40e6b2282148de32,Total equipe extérieur,30096,< 2.5,0.96
40e6b2282148de32,Total equipe extérieur,30096,> 3.5,100.0
40e6b2282148de32,Total equipe extérieur,30096,< 3.5,0.94
40e6b2282148de32,G/NG equipe domicile,30097,Oui,1.16
40e6b2282148de32,G/NG equipe domicile,30097,Non,5.12
40e6b2282148de32,G/NG equipe extérieur,30098,Oui,2.08
40e6b2282148de32,G/NG equipe extérieur,30098,Non,1.73
40e6b2282148de32,Pair/Impair,30099,Impair,1.92
40e6b2282148de32,Pair/Impair,30099,Pair,1.79
40e6b2282148de32,Minute du premier but,30100,1-15,5.37
40e6b2282148de32,Minute du premier but,30100,16-30,3.44
40e6b2282148de32,Minute du premier but,30100,31-45,5.32
40e6b2282148de32,Minute du premier but,30100,46-60,6.5
40e6b2282148de32,Minute du premier but,30100,61-75,10.89
40e6b2282148de32,Minute du premier but,30100,76-90,12.1
40e6b2282148de32,Minute du premier but,30100,Pas de but,7.87
40e6b2282148de32,FTTS,30101,1,1.47
40e6b2282148de32,FTTS,30101,2,3.19
40e6b2282148de32,FTTS,30101,Pas de but,7.87
40e6b2282148de32,Multi-Buts,30102,"Le total de buts est de 0, 1 ou 2",1.58
40e6b2282148de32,Multi-Buts,30102,"Le total de buts est de 1, 2 ou 3",1.31
40e6b2282148de32,Multi-Buts,30102,"Le total de buts est de 2, 3 ou 4",1.46
40e6b2282148de32,Multi-Buts,30102,Le total de buts est supérieur à 4,13.76
40e6b2282148de32,2ème mi-tps - CS,30105,0-0,3.1
40e6b2282148de32,2ème mi-tps - CS,30105,0-1,12.06
40e6b2282148de32,2ème mi-tps - CS,30105,0-2,56.98
40e6b2282148de32,2ème mi-tps - CS,30105,0-3,100.0
40e6b2282148de32,2ème mi-tps - CS,30105,1-0,4.12
40e6b2282148de32,2ème mi-tps - CS,30105,1-1,7.13
40e6b2282148de32,2ème mi-tps - CS,30105,1-2,50.56
40e6b2282148de32,2ème mi-tps - CS,30105,2-0,5.78
40e6b2282148de32,2ème mi-tps - CS,30105,2-1,15.0
40e6b2282148de32,2ème mi-tps - CS,30105,3-0,12.16
